[2026-08-29 06:33:15] local.ERROR: Could not parse '28 Desember 2023': Failed to parse time string (28 Desember 2023) at position 0 (2): Unexpected character {"exception":"[object] (Carbon\\Exceptions\\InvalidFormatException(code: 0): Could not parse '28 Desember 2023': Failed to parse time string (28 Desember 2023) at position 0 (2): Unexpected character at C:/Users/raven/Downloads/laravel-brs-agenda-penomoran/agenda-brs/vendor/nesbot/carbon/src/Carbon/Traits/Creator.php:194)
[stacktrace]
#0 C:/Users/raven/Downloads/laravel-brs-agenda-penomoran/agenda-brs/vendor/nesbot/carbon/src/Carbon/Traits/Creator.php(214): Carbon/Carbon::rawParse('28 Desember 202...', NULL)
#1 C:/Users/raven/Downloads/laravel-brs-agenda-penomoran/agenda-brs/vendor/laravel/framework/src/Illuminate/Support/DateFactory.php(236): Carbon/Carbon::parse('28 Desember 202...')
#2 C:/Users/raven/Downloads/laravel-brs-agenda-penomoran/agenda-brs/vendor/laravel/framework/src/Illuminate/Support/Facades/Facade.php(364): Illuminate/Support/DateFactory->__call('parse', Array)
#3 C:/Users/raven/Downloads/laravel-brs-agenda-penomoran/agenda-brs/vendor/laravel/framework/src/Illuminate/Database/Eloquent/Concerns/HasAttributes.php(1605): Illuminate/Support/Facades/Facade::__callStatic('parse', Array)
#4 C:/Users/raven/Downloads/laravel-brs-agenda-penomoran/agenda-brs/vendor/laravel/framework/src/Illuminate/Database/Eloquent/Concerns/HasAttributes.php(1627): Illuminate/Database/Eloquent/Model->asDateTime('28 Desember 202...')
#5 C:/Users/raven/Downloads/laravel-brs-agenda-penomoran/agenda-brs/vendor/laravel/framework/src/Illuminate/Database/Eloquent/Concerns/HasAttributes.php(1097): Illuminate/Database/Eloquent/Model->fromDateTime('28 Desember 202...')
#6 C:/Users/raven/Downloads/laravel-brs-agenda-penomoran/agenda-brs/vendor/laravel/framework/src/Illuminate/Database/Eloquent/Model.php(688): Illuminate/Database/Eloquent/Model->setAttribute('tanggal_rilis', '28 Desember 202...')
#7 C:/Users/raven/Downloads/laravel-brs-agenda-penomoran/agenda-brs/vendor/laravel/framework/src/Illuminate/Database/Eloquent/Model.php(782): Illuminate/Database/Eloquent/Model->fill(Array)
#8 C:/Users/raven/Downloads/laravel-brs-agenda-penomoran/agenda-brs/vendor/laravel/framework/src/Illuminate/Database/Eloquent/Builder.php(1815): Illuminate/Database/Eloquent/Model->newInstance(Array)
#9 C:/Users/raven/Downloads/laravel-brs-agenda-penomoran/agenda-brs/vendor/laravel/framework/src/Illuminate/Database/Eloquent/Builder.php(1256): Illuminate/Database/Eloquent/Builder->newModelInstance(Array)
#10 C:/Users/raven/Downloads/laravel-brs-agenda-penomoran/agenda-brs/vendor/laravel/framework/src/Illuminate/Support/Traits/ForwardsCalls.php(23): Illuminate/Database/Eloquent/Builder->create(Array)
#11 C:/Users/raven/Downloads/laravel-brs-agenda-penomoran/agenda-brs/vendor/laravel/framework/src/Illuminate/Database/Eloquent/Model.php(2871): Illuminate/Database/Eloquent/Model->forwardCallTo(Object(Illuminate/Database/Eloquent/Builder), 'create', Array)
#12 C:/Users/raven/Downloads/laravel-brs-agenda-penomoran/agenda-brs/vendor/laravel/framework/src/Illuminate/Database/Eloquent/Model.php(2887): Illuminate/Database/Eloquent/Model->__call('create', Array)
#13 C:/Users/raven/Downloads/laravel-brs-agenda-penomoran/agenda-brs/database/seeders/BrsEntrySeeder.php(29): Illuminate/Database/Eloquent/Model::__callStatic('create', Array)
#14 C:/Users/raven/Downloads/laravel-brs-agenda-penomoran/agenda-brs/vendor/laravel/framework/src/Illuminate/Container/BoundMethod.php(36): Database/Seeders/BrsEntrySeeder->run()
#15 C:/Users/raven/Downloads/laravel-brs-agenda-penomoran/agenda-brs/vendor/laravel/framework/src/Illuminate/Container/Util.php(43): Illuminate/Container/BoundMethod::{closure:Illuminate/Container/BoundMethod::call():35}()
#16 C:/Users/raven/Downloads/laravel-brs-agenda-penomoran/agenda-brs/vendor/laravel/framework/src/Illuminate/Container/BoundMethod.php(96): Illuminate/Container/Util::unwrapIfClosure(Object(Closure))
#17 C:/Users/raven/Downloads/laravel-brs-agenda-penomoran/agenda-brs/vendor/laravel/framework/src/Illuminate/Container/BoundMethod.php(35): Illuminate/Container/BoundMethod::callBoundMethod(Object(Illuminate/Foundation/Application), Array, Object(Closure))
#18 C:/Users/raven/Downloads/laravel-brs-agenda-penomoran/agenda-brs/vendor/laravel/framework/src/Illuminate/Container/Container.php(803): Illuminate/Container/BoundMethod::call(Object(Illuminate/Foundation/Application), Array, Array, NULL)
#19 C:/Users/raven/Downloads/laravel-brs-agenda-penomoran/agenda-brs/vendor/laravel/framework/src/Illuminate/Database/Seeder.php(184): Illuminate/Container/Container->call(Array, Array)
#20 C:/Users/raven/Downloads/laravel-brs-agenda-penomoran/agenda-brs/vendor/laravel/framework/src/Illuminate/Database/Seeder.php(191): Illuminate/Database/Seeder->{closure:Illuminate/Database/Seeder::__invoke():183}()
#21 C:/Users/raven/Downloads/laravel-brs-agenda-penomoran/agenda-brs/vendor/laravel/framework/src/Illuminate/Database/Seeder.php(59): Illuminate/Database/Seeder->__invoke(Array)
#22 C:/Users/raven/Downloads/laravel-brs-agenda-penomoran/agenda-brs/database/seeders/DatabaseSeeder.php(11): Illuminate/Database/Seeder->call('Database//Seeder...')
#23 C:/Users/raven/Downloads/laravel-brs-agenda-penomoran/agenda-brs/vendor/laravel/framework/src/Illuminate/Container/BoundMethod.php(36): Database/Seeders/DatabaseSeeder->run()
#24 C:/Users/raven/Downloads/laravel-brs-agenda-penomoran/agenda-brs/vendor/laravel/framework/src/Illuminate/Container/Util.php(43): Illuminate/Container/BoundMethod::{closure:Illuminate/Container/BoundMethod::call():35}()
#25 C:/Users/raven/Downloads/laravel-brs-agenda-penomoran/agenda-brs/vendor/laravel/framework/src/Illuminate/Container/BoundMethod.php(96): Illuminate/Container/Util::unwrapIfClosure(Object(Closure))
#26 C:/Users/raven/Downloads/laravel-brs-agenda-penomoran/agenda-brs/vendor/laravel/framework/src/Illuminate/Container/BoundMethod.php(35): Illuminate/Container/BoundMethod::callBoundMethod(Object(Illuminate/Foundation/Application), Array, Object(Closure))
#27 C:/Users/raven/Downloads/laravel-brs-agenda-penomoran/agenda-brs/vendor/laravel/framework/src/Illuminate/Container/Container.php(803): Illuminate/Container/BoundMethod::call(Object(Illuminate/Foundation/Application), Array, Array, NULL)
#28 C:/Users/raven/Downloads/laravel-brs-agenda-penomoran/agenda-brs/vendor/laravel/framework/src/Illuminate/Database/Seeder.php(184): Illuminate/Container/Container->call(Array, Array)
#29 C:/Users/raven/Downloads/laravel-brs-agenda-penomoran/agenda-brs/vendor/laravel/framework/src/Illuminate/Database/Seeder.php(191): Illuminate/Database/Seeder->{closure:Illuminate/Database/Seeder::__invoke():183}()
#30 C:/Users/raven/Downloads/laravel-brs-agenda-penomoran/agenda-brs/vendor/laravel/framework/src/Illuminate/Database/Console/Seeds/SeedCommand.php(88): Illuminate/Database/Seeder->__invoke()
#31 C:/Users/raven/Downloads/laravel-brs-agenda-penomoran/agenda-brs/vendor/laravel/framework/src/Illuminate/Database/Eloquent/Concerns/GuardsAttributes.php(188): Illuminate/Database/Console/Seeds/SeedCommand->{closure:Illuminate/Database/Console/Seeds/SeedCommand::handle():87}()
#32 C:/Users/raven/Downloads/laravel-brs-agenda-penomoran/agenda-brs/vendor/laravel/framework/src/Illuminate/Database/Console/Seeds/SeedCommand.php(87): Illuminate/Database/Eloquent/Model::unguarded(Object(Closure))
#33 C:/Users/raven/Downloads/laravel-brs-agenda-penomoran/agenda-brs/vendor/laravel/framework/src/Illuminate/Container/BoundMethod.php(36): Illuminate/Database/Console/Seeds/SeedCommand->handle()
#34 C:/Users/raven/Downloads/laravel-brs-agenda-penomoran/agenda-brs/vendor/laravel/framework/src/Illuminate/Container/Util.php(43): Illuminate/Container/BoundMethod::{closure:Illuminate/Container/BoundMethod::call():35}()
#35 C:/Users/raven/Downloads/laravel-brs-agenda-penomoran/agenda-brs/vendor/laravel/framework/src/Illuminate/Container/BoundMethod.php(96): Illuminate/Container/Util::unwrapIfClosure(Object(Closure))
#36 C:/Users/raven/Downloads/laravel-brs-agenda-penomoran/agenda-brs/vendor/laravel/framework/src/Illuminate/Container/BoundMethod.php(35): Illuminate/Container/BoundMethod::callBoundMethod(Object(Illuminate/Foundation/Application), Array, Object(Closure))
#37 C:/Users/raven/Downloads/laravel-brs-agenda-penomoran/agenda-brs/vendor/laravel/framework/src/Illuminate/Container/Container.php(803): Illuminate/Container/BoundMethod::call(Object(Illuminate/Foundation/Application), Array, Array, NULL)
#38 C:/Users/raven/Downloads/laravel-brs-agenda-penomoran/agenda-brs/vendor/laravel/framework/src/Illuminate/Console/Command.php(292): Illuminate/Container/Container->call(Array)
#39 C:/Users/raven/Downloads/laravel-brs-agenda-penomoran/agenda-brs/vendor/symfony/console/Command/Command.php(284): Illuminate/Console/Command->execute(Object(Symfony/Component/Console/Input/ArrayInput), Object(Illuminate/Console/OutputStyle))
#40 C:/Users/raven/Downloads/laravel-brs-agenda-penomoran/agenda-brs/vendor/laravel/framework/src/Illuminate/Console/Command.php(261): Symfony/Component/Console/Command/Command->run(Object(Symfony/Component/Console/Input/ArrayInput), Object(Illuminate/Console/OutputStyle))
#41 C:/Users/raven/Downloads/laravel-brs-agenda-penomoran/agenda-brs/vendor/laravel/framework/src/Illuminate/Console/Concerns/CallsCommands.php(68): Illuminate/Console/Command->run(Object(Symfony/Component/Console/Input/ArrayInput), Object(Illuminate/Console/OutputStyle))
#42 C:/Users/raven/Downloads/laravel-brs-agenda-penomoran/agenda-brs/vendor/laravel/framework/src/Illuminate/Console/Concerns/CallsCommands.php(29): Illuminate/Console/Command->runCommand('db:seed', Array, Object(Illuminate/Console/OutputStyle))
#43 C:/Users/raven/Downloads/laravel-brs-agenda-penomoran/agenda-brs/vendor/laravel/framework/src/Illuminate/Database/Console/Migrations/MigrateCommand.php(127): Illuminate/Console/Command->call('db:seed', Array)
#44 C:/Users/raven/Downloads/laravel-brs-agenda-penomoran/agenda-brs/vendor/laravel/framework/src/Illuminate/Database/Migrations/Migrator.php(672): Illuminate/Database/Console/Migrations/MigrateCommand->{closure:Illuminate/Database/Console/Migrations/MigrateCommand::runMigrations():111}()
#45 C:/Users/raven/Downloads/laravel-brs-agenda-penomoran/agenda-brs/vendor/laravel/framework/src/Illuminate/Database/Console/Migrations/MigrateCommand.php(111): Illuminate/Database/Migrations/Migrator->usingConnection(NULL, Object(Closure))
#46 C:/Users/raven/Downloads/laravel-brs-agenda-penomoran/agenda-brs/vendor/laravel/framework/src/Illuminate/Database/Console/Migrations/MigrateCommand.php(90): Illuminate/Database/Console/Migrations/MigrateCommand->runMigrations()
#47 C:/Users/raven/Downloads/laravel-brs-agenda-penomoran/agenda-brs/vendor/laravel/framework/src/Illuminate/Container/BoundMethod.php(36): Illuminate/Database/Console/Migrations/MigrateCommand->handle()
#48 C:/Users/raven/Downloads/laravel-brs-agenda-penomoran/agenda-brs/vendor/laravel/framework/src/Illuminate/Container/Util.php(43): Illuminate/Container/BoundMethod::{closure:Illuminate/Container/BoundMethod::call():35}()
#49 C:/Users/raven/Downloads/laravel-brs-agenda-penomoran/agenda-brs/vendor/laravel/framework/src/Illuminate/Container/BoundMethod.php(96): Illuminate/Container/Util::unwrapIfClosure(Object(Closure))
#50 C:/Users/raven/Downloads/laravel-brs-agenda-penomoran/agenda-brs/vendor/laravel/framework/src/Illuminate/Container/BoundMethod.php(35): Illuminate/Container/BoundMethod::callBoundMethod(Object(Illuminate/Foundation/Application), Array, Object(Closure))
#51 C:/Users/raven/Downloads/laravel-brs-agenda-penomoran/agenda-brs/vendor/laravel/framework/src/Illuminate/Container/Container.php(803): Illuminate/Container/BoundMethod::call(Object(Illuminate/Foundation/Application), Array, Array, NULL)
#52 C:/Users/raven/Downloads/laravel-brs-agenda-penomoran/agenda-brs/vendor/laravel/framework/src/Illuminate/Console/Command.php(292): Illuminate/Container/Container->call(Array)
#53 C:/Users/raven/Downloads/laravel-brs-agenda-penomoran/agenda-brs/vendor/symfony/console/Command/Command.php(284): Illuminate/Console/Command->execute(Object(Symfony/Component/Console/Input/ArgvInput), Object(Illuminate/Console/OutputStyle))
#54 C:/Users/raven/Downloads/laravel-brs-agenda-penomoran/agenda-brs/vendor/laravel/framework/src/Illuminate/Console/Command.php(261): Symfony/Component/Console/Command/Command->run(Object(Symfony/Component/Console/Input/ArgvInput), Object(Illuminate/Console/OutputStyle))
#55 C:/Users/raven/Downloads/laravel-brs-agenda-penomoran/agenda-brs/vendor/symfony/console/Application.php(1144): Illuminate/Console/Command->run(Object(Symfony/Component/Console/Input/ArgvInput), Object(Symfony/Component/Console/Output/ConsoleOutput))
#56 C:/Users/raven/Downloads/laravel-brs-agenda-penomoran/agenda-brs/vendor/symfony/console/Application.php(379): Symfony/Component/Console/Application->doRunCommand(Object(Illuminate/Database/Console/Migrations/MigrateCommand), Object(Symfony/Component/Console/Input/ArgvInput), Object(Symfony/Component/Console/Output/ConsoleOutput))
#57 C:/Users/raven/Downloads/laravel-brs-agenda-penomoran/agenda-brs/vendor/symfony/console/Application.php(218): Symfony/Component/Console/Application->doRun(Object(Symfony/Component/Console/Input/ArgvInput), Object(Symfony/Component/Console/Output/ConsoleOutput))
#58 C:/Users/raven/Downloads/laravel-brs-agenda-penomoran/agenda-brs/vendor/laravel/framework/src/Illuminate/Foundation/Console/Kernel.php(198): Symfony/Component/Console/Application->run(Object(Symfony/Component/Console/Input/ArgvInput), Object(Symfony/Component/Console/Output/ConsoleOutput))
#59 C:/Users/raven/Downloads/laravel-brs-agenda-penomoran/agenda-brs/vendor/laravel/framework/src/Illuminate/Foundation/Application.php(1242): Illuminate/Foundation/Console/Kernel->handle(Object(Symfony/Component/Console/Input/ArgvInput), Object(Symfony/Component/Console/Output/ConsoleOutput))
#60 C:/Users/raven/Downloads/laravel-brs-agenda-penomoran/agenda-brs/artisan(16): Illuminate/Foundation/Application->handleCommand(Object(Symfony/Component/Console/Input/ArgvInput))
#61 {main}

[previous exception] [object] (Carbon\\Exceptions\\InvalidFormatException(code: 0): Failed to parse time string (28 Desember 2023) at position 0 (2): Unexpected character at C:/Users/raven/Downloads/laravel-brs-agenda-penomoran/agenda-brs/vendor/nesbot/carbon/src/Carbon/Traits/Creator.php:102)
[stacktrace]
#0 C:/Users/raven/Downloads/laravel-brs-agenda-penomoran/agenda-brs/vendor/nesbot/carbon/src/Carbon/Traits/Creator.php(183): Carbon/Carbon->__construct('28 Desember 202...', NULL)
#1 C:/Users/raven/Downloads/laravel-brs-agenda-penomoran/agenda-brs/vendor/nesbot/carbon/src/Carbon/Traits/Creator.php(214): Carbon/Carbon::rawParse('28 Desember 202...', NULL)
#2 C:/Users/raven/Downloads/laravel-brs-agenda-penomoran/agenda-brs/vendor/laravel/framework/src/Illuminate/Support/DateFactory.php(236): Carbon/Carbon::parse('28 Desember 202...')
#3 C:/Users/raven/Downloads/laravel-brs-agenda-penomoran/agenda-brs/vendor/laravel/framework/src/Illuminate/Support/Facades/Facade.php(364): Illuminate/Support/DateFactory->__call('parse', Array)
#4 C:/Users/raven/Downloads/laravel-brs-agenda-penomoran/agenda-brs/vendor/laravel/framework/src/Illuminate/Database/Eloquent/Concerns/HasAttributes.php(1605): Illuminate/Support/Facades/Facade::__callStatic('parse', Array)
#5 C:/Users/raven/Downloads/laravel-brs-agenda-penomoran/agenda-brs/vendor/laravel/framework/src/Illuminate/Database/Eloquent/Concerns/HasAttributes.php(1627): Illuminate/Database/Eloquent/Model->asDateTime('28 Desember 202...')
#6 C:/Users/raven/Downloads/laravel-brs-agenda-penomoran/agenda-brs/vendor/laravel/framework/src/Illuminate/Database/Eloquent/Concerns/HasAttributes.php(1097): Illuminate/Database/Eloquent/Model->fromDateTime('28 Desember 202...')
#7 C:/Users/raven/Downloads/laravel-brs-agenda-penomoran/agenda-brs/vendor/laravel/framework/src/Illuminate/Database/Eloquent/Model.php(688): Illuminate/Database/Eloquent/Model->setAttribute('tanggal_rilis', '28 Desember 202...')
#8 C:/Users/raven/Downloads/laravel-brs-agenda-penomoran/agenda-brs/vendor/laravel/framework/src/Illuminate/Database/Eloquent/Model.php(782): Illuminate/Database/Eloquent/Model->fill(Array)
#9 C:/Users/raven/Downloads/laravel-brs-agenda-penomoran/agenda-brs/vendor/laravel/framework/src/Illuminate/Database/Eloquent/Builder.php(1815): Illuminate/Database/Eloquent/Model->newInstance(Array)
#10 C:/Users/raven/Downloads/laravel-brs-agenda-penomoran/agenda-brs/vendor/laravel/framework/src/Illuminate/Database/Eloquent/Builder.php(1256): Illuminate/Database/Eloquent/Builder->newModelInstance(Array)
#11 C:/Users/raven/Downloads/laravel-brs-agenda-penomoran/agenda-brs/vendor/laravel/framework/src/Illuminate/Support/Traits/ForwardsCalls.php(23): Illuminate/Database/Eloquent/Builder->create(Array)
#12 C:/Users/raven/Downloads/laravel-brs-agenda-penomoran/agenda-brs/vendor/laravel/framework/src/Illuminate/Database/Eloquent/Model.php(2871): Illuminate/Database/Eloquent/Model->forwardCallTo(Object(Illuminate/Database/Eloquent/Builder), 'create', Array)
#13 C:/Users/raven/Downloads/laravel-brs-agenda-penomoran/agenda-brs/vendor/laravel/framework/src/Illuminate/Database/Eloquent/Model.php(2887): Illuminate/Database/Eloquent/Model->__call('create', Array)
#14 C:/Users/raven/Downloads/laravel-brs-agenda-penomoran/agenda-brs/database/seeders/BrsEntrySeeder.php(29): Illuminate/Database/Eloquent/Model::__callStatic('create', Array)
#15 C:/Users/raven/Downloads/laravel-brs-agenda-penomoran/agenda-brs/vendor/laravel/framework/src/Illuminate/Container/BoundMethod.php(36): Database/Seeders/BrsEntrySeeder->run()
#16 C:/Users/raven/Downloads/laravel-brs-agenda-penomoran/agenda-brs/vendor/laravel/framework/src/Illuminate/Container/Util.php(43): Illuminate/Container/BoundMethod::{closure:Illuminate/Container/BoundMethod::call():35}()
#17 C:/Users/raven/Downloads/laravel-brs-agenda-penomoran/agenda-brs/vendor/laravel/framework/src/Illuminate/Container/BoundMethod.php(96): Illuminate/Container/Util::unwrapIfClosure(Object(Closure))
#18 C:/Users/raven/Downloads/laravel-brs-agenda-penomoran/agenda-brs/vendor/laravel/framework/src/Illuminate/Container/BoundMethod.php(35): Illuminate/Container/BoundMethod::callBoundMethod(Object(Illuminate/Foundation/Application), Array, Object(Closure))
#19 C:/Users/raven/Downloads/laravel-brs-agenda-penomoran/agenda-brs/vendor/laravel/framework/src/Illuminate/Container/Container.php(803): Illuminate/Container/BoundMethod::call(Object(Illuminate/Foundation/Application), Array, Array, NULL)
#20 C:/Users/raven/Downloads/laravel-brs-agenda-penomoran/agenda-brs/vendor/laravel/framework/src/Illuminate/Database/Seeder.php(184): Illuminate/Container/Container->call(Array, Array)
#21 C:/Users/raven/Downloads/laravel-brs-agenda-penomoran/agenda-brs/vendor/laravel/framework/src/Illuminate/Database/Seeder.php(191): Illuminate/Database/Seeder->{closure:Illuminate/Database/Seeder::__invoke():183}()
#22 C:/Users/raven/Downloads/laravel-brs-agenda-penomoran/agenda-brs/vendor/laravel/framework/src/Illuminate/Database/Seeder.php(59): Illuminate/Database/Seeder->__invoke(Array)
#23 C:/Users/raven/Downloads/laravel-brs-agenda-penomoran/agenda-brs/database/seeders/DatabaseSeeder.php(11): Illuminate/Database/Seeder->call('Database//Seeder...')
#24 C:/Users/raven/Downloads/laravel-brs-agenda-penomoran/agenda-brs/vendor/laravel/framework/src/Illuminate/Container/BoundMethod.php(36): Database/Seeders/DatabaseSeeder->run()
#25 C:/Users/raven/Downloads/laravel-brs-agenda-penomoran/agenda-brs/vendor/laravel/framework/src/Illuminate/Container/Util.php(43): Illuminate/Container/BoundMethod::{closure:Illuminate/Container/BoundMethod::call():35}()
#26 C:/Users/raven/Downloads/laravel-brs-agenda-penomoran/agenda-brs/vendor/laravel/framework/src/Illuminate/Container/BoundMethod.php(96): Illuminate/Container/Util::unwrapIfClosure(Object(Closure))
#27 C:/Users/raven/Downloads/laravel-brs-agenda-penomoran/agenda-brs/vendor/laravel/framework/src/Illuminate/Container/BoundMethod.php(35): Illuminate/Container/BoundMethod::callBoundMethod(Object(Illuminate/Foundation/Application), Array, Object(Closure))
#28 C:/Users/raven/Downloads/laravel-brs-agenda-penomoran/agenda-brs/vendor/laravel/framework/src/Illuminate/Container/Container.php(803): Illuminate/Container/BoundMethod::call(Object(Illuminate/Foundation/Application), Array, Array, NULL)
#29 C:/Users/raven/Downloads/laravel-brs-agenda-penomoran/agenda-brs/vendor/laravel/framework/src/Illuminate/Database/Seeder.php(184): Illuminate/Container/Container->call(Array, Array)
#30 C:/Users/raven/Downloads/laravel-brs-agenda-penomoran/agenda-brs/vendor/laravel/framework/src/Illuminate/Database/Seeder.php(191): Illuminate/Database/Seeder->{closure:Illuminate/Database/Seeder::__invoke():183}()
#31 C:/Users/raven/Downloads/laravel-brs-agenda-penomoran/agenda-brs/vendor/laravel/framework/src/Illuminate/Database/Console/Seeds/SeedCommand.php(88): Illuminate/Database/Seeder->__invoke()
#32 C:/Users/raven/Downloads/laravel-brs-agenda-penomoran/agenda-brs/vendor/laravel/framework/src/Illuminate/Database/Eloquent/Concerns/GuardsAttributes.php(188): Illuminate/Database/Console/Seeds/SeedCommand->{closure:Illuminate/Database/Console/Seeds/SeedCommand::handle():87}()
#33 C:/Users/raven/Downloads/laravel-brs-agenda-penomoran/agenda-brs/vendor/laravel/framework/src/Illuminate/Database/Console/Seeds/SeedCommand.php(87): Illuminate/Database/Eloquent/Model::unguarded(Object(Closure))
#34 C:/Users/raven/Downloads/laravel-brs-agenda-penomoran/agenda-brs/vendor/laravel/framework/src/Illuminate/Container/BoundMethod.php(36): Illuminate/Database/Console/Seeds/SeedCommand->handle()
#35 C:/Users/raven/Downloads/laravel-brs-agenda-penomoran/agenda-brs/vendor/laravel/framework/src/Illuminate/Container/Util.php(43): Illuminate/Container/BoundMethod::{closure:Illuminate/Container/BoundMethod::call():35}()
#36 C:/Users/raven/Downloads/laravel-brs-agenda-penomoran/agenda-brs/vendor/laravel/framework/src/Illuminate/Container/BoundMethod.php(96): Illuminate/Container/Util::unwrapIfClosure(Object(Closure))
#37 C:/Users/raven/Downloads/laravel-brs-agenda-penomoran/agenda-brs/vendor/laravel/framework/src/Illuminate/Container/BoundMethod.php(35): Illuminate/Container/BoundMethod::callBoundMethod(Object(Illuminate/Foundation/Application), Array, Object(Closure))
#38 C:/Users/raven/Downloads/laravel-brs-agenda-penomoran/agenda-brs/vendor/laravel/framework/src/Illuminate/Container/Container.php(803): Illuminate/Container/BoundMethod::call(Object(Illuminate/Foundation/Application), Array, Array, NULL)
#39 C:/Users/raven/Downloads/laravel-brs-agenda-penomoran/agenda-brs/vendor/laravel/framework/src/Illuminate/Console/Command.php(292): Illuminate/Container/Container->call(Array)
#40 C:/Users/raven/Downloads/laravel-brs-agenda-penomoran/agenda-brs/vendor/symfony/console/Command/Command.php(284): Illuminate/Console/Command->execute(Object(Symfony/Component/Console/Input/ArrayInput), Object(Illuminate/Console/OutputStyle))
#41 C:/Users/raven/Downloads/laravel-brs-agenda-penomoran/agenda-brs/vendor/laravel/framework/src/Illuminate/Console/Command.php(261): Symfony/Component/Console/Command/Command->run(Object(Symfony/Component/Console/Input/ArrayInput), Object(Illuminate/Console/OutputStyle))
#42 C:/Users/raven/Downloads/laravel-brs-agenda-penomoran/agenda-brs/vendor/laravel/framework/src/Illuminate/Console/Concerns/CallsCommands.php(68): Illuminate/Console/Command->run(Object(Symfony/Component/Console/Input/ArrayInput), Object(Illuminate/Console/OutputStyle))
#43 C:/Users/raven/Downloads/laravel-brs-agenda-penomoran/agenda-brs/vendor/laravel/framework/src/Illuminate/Console/Concerns/CallsCommands.php(29): Illuminate/Console/Command->runCommand('db:seed', Array, Object(Illuminate/Console/OutputStyle))
#44 C:/Users/raven/Downloads/laravel-brs-agenda-penomoran/agenda-brs/vendor/laravel/framework/src/Illuminate/Database/Console/Migrations/MigrateCommand.php(127): Illuminate/Console/Command->call('db:seed', Array)
#45 C:/Users/raven/Downloads/laravel-brs-agenda-penomoran/agenda-brs/vendor/laravel/framework/src/Illuminate/Database/Migrations/Migrator.php(672): Illuminate/Database/Console/Migrations/MigrateCommand->{closure:Illuminate/Database/Console/Migrations/MigrateCommand::runMigrations():111}()
#46 C:/Users/raven/Downloads/laravel-brs-agenda-penomoran/agenda-brs/vendor/laravel/framework/src/Illuminate/Database/Console/Migrations/MigrateCommand.php(111): Illuminate/Database/Migrations/Migrator->usingConnection(NULL, Object(Closure))
#47 C:/Users/raven/Downloads/laravel-brs-agenda-penomoran/agenda-brs/vendor/laravel/framework/src/Illuminate/Database/Console/Migrations/MigrateCommand.php(90): Illuminate/Database/Console/Migrations/MigrateCommand->runMigrations()
#48 C:/Users/raven/Downloads/laravel-brs-agenda-penomoran/agenda-brs/vendor/laravel/framework/src/Illuminate/Container/BoundMethod.php(36): Illuminate/Database/Console/Migrations/MigrateCommand->handle()
#49 C:/Users/raven/Downloads/laravel-brs-agenda-penomoran/agenda-brs/vendor/laravel/framework/src/Illuminate/Container/Util.php(43): Illuminate/Container/BoundMethod::{closure:Illuminate/Container/BoundMethod::call():35}()
#50 C:/Users/raven/Downloads/laravel-brs-agenda-penomoran/agenda-brs/vendor/laravel/framework/src/Illuminate/Container/BoundMethod.php(96): Illuminate/Container/Util::unwrapIfClosure(Object(Closure))
#51 C:/Users/raven/Downloads/laravel-brs-agenda-penomoran/agenda-brs/vendor/laravel/framework/src/Illuminate/Container/BoundMethod.php(35): Illuminate/Container/BoundMethod::callBoundMethod(Object(Illuminate/Foundation/Application), Array, Object(Closure))
#52 C:/Users/raven/Downloads/laravel-brs-agenda-penomoran/agenda-brs/vendor/laravel/framework/src/Illuminate/Container/Container.php(803): Illuminate/Container/BoundMethod::call(Object(Illuminate/Foundation/Application), Array, Array, NULL)
#53 C:/Users/raven/Downloads/laravel-brs-agenda-penomoran/agenda-brs/vendor/laravel/framework/src/Illuminate/Console/Command.php(292): Illuminate/Container/Container->call(Array)
#54 C:/Users/raven/Downloads/laravel-brs-agenda-penomoran/agenda-brs/vendor/symfony/console/Command/Command.php(284): Illuminate/Console/Command->execute(Object(Symfony/Component/Console/Input/ArgvInput), Object(Illuminate/Console/OutputStyle))
#55 C:/Users/raven/Downloads/laravel-brs-agenda-penomoran/agenda-brs/vendor/laravel/framework/src/Illuminate/Console/Command.php(261): Symfony/Component/Console/Command/Command->run(Object(Symfony/Component/Console/Input/ArgvInput), Object(Illuminate/Console/OutputStyle))
#56 C:/Users/raven/Downloads/laravel-brs-agenda-penomoran/agenda-brs/vendor/symfony/console/Application.php(1144): Illuminate/Console/Command->run(Object(Symfony/Component/Console/Input/ArgvInput), Object(Symfony/Component/Console/Output/ConsoleOutput))
#57 C:/Users/raven/Downloads/laravel-brs-agenda-penomoran/agenda-brs/vendor/symfony/console/Application.php(379): Symfony/Component/Console/Application->doRunCommand(Object(Illuminate/Database/Console/Migrations/MigrateCommand), Object(Symfony/Component/Console/Input/ArgvInput), Object(Symfony/Component/Console/Output/ConsoleOutput))
#58 C:/Users/raven/Downloads/laravel-brs-agenda-penomoran/agenda-brs/vendor/symfony/console/Application.php(218): Symfony/Component/Console/Application->doRun(Object(Symfony/Component/Console/Input/ArgvInput), Object(Symfony/Component/Console/Output/ConsoleOutput))
#59 C:/Users/raven/Downloads/laravel-brs-agenda-penomoran/agenda-brs/vendor/laravel/framework/src/Illuminate/Foundation/Console/Kernel.php(198): Symfony/Component/Console/Application->run(Object(Symfony/Component/Console/Input/ArgvInput), Object(Symfony/Component/Console/Output/ConsoleOutput))
#60 C:/Users/raven/Downloads/laravel-brs-agenda-penomoran/agenda-brs/vendor/laravel/framework/src/Illuminate/Foundation/Application.php(1242): Illuminate/Foundation/Console/Kernel->handle(Object(Symfony/Component/Console/Input/ArgvInput), Object(Symfony/Component/Console/Output/ConsoleOutput))
#61 C:/Users/raven/Downloads/laravel-brs-agenda-penomoran/agenda-brs/artisan(16): Illuminate/Foundation/Application->handleCommand(Object(Symfony/Component/Console/Input/ArgvInput))
#62 {main}

[previous exception] [object] (DateMalformedStringException(code: 0): Failed to parse time string (28 Desember 2023) at position 0 (2): Unexpected character at C:/Users/raven/Downloads/laravel-brs-agenda-penomoran/agenda-brs/vendor/nesbot/carbon/src/Carbon/Traits/Creator.php:100)
[stacktrace]
#0 C:/Users/raven/Downloads/laravel-brs-agenda-penomoran/agenda-brs/vendor/nesbot/carbon/src/Carbon/Traits/Creator.php(100): DateTime->__construct('28 Desember 202...', NULL)
#1 C:/Users/raven/Downloads/laravel-brs-agenda-penomoran/agenda-brs/vendor/nesbot/carbon/src/Carbon/Traits/Creator.php(183): Carbon/Carbon->__construct('28 Desember 202...', NULL)
#2 C:/Users/raven/Downloads/laravel-brs-agenda-penomoran/agenda-brs/vendor/nesbot/carbon/src/Carbon/Traits/Creator.php(214): Carbon/Carbon::rawParse('28 Desember 202...', NULL)
#3 C:/Users/raven/Downloads/laravel-brs-agenda-penomoran/agenda-brs/vendor/laravel/framework/src/Illuminate/Support/DateFactory.php(236): Carbon/Carbon::parse('28 Desember 202...')
#4 C:/Users/raven/Downloads/laravel-brs-agenda-penomoran/agenda-brs/vendor/laravel/framework/src/Illuminate/Support/Facades/Facade.php(364): Illuminate/Support/DateFactory->__call('parse', Array)
#5 C:/Users/raven/Downloads/laravel-brs-agenda-penomoran/agenda-brs/vendor/laravel/framework/src/Illuminate/Database/Eloquent/Concerns/HasAttributes.php(1605): Illuminate/Support/Facades/Facade::__callStatic('parse', Array)
#6 C:/Users/raven/Downloads/laravel-brs-agenda-penomoran/agenda-brs/vendor/laravel/framework/src/Illuminate/Database/Eloquent/Concerns/HasAttributes.php(1627): Illuminate/Database/Eloquent/Model->asDateTime('28 Desember 202...')
#7 C:/Users/raven/Downloads/laravel-brs-agenda-penomoran/agenda-brs/vendor/laravel/framework/src/Illuminate/Database/Eloquent/Concerns/HasAttributes.php(1097): Illuminate/Database/Eloquent/Model->fromDateTime('28 Desember 202...')
#8 C:/Users/raven/Downloads/laravel-brs-agenda-penomoran/agenda-brs/vendor/laravel/framework/src/Illuminate/Database/Eloquent/Model.php(688): Illuminate/Database/Eloquent/Model->setAttribute('tanggal_rilis', '28 Desember 202...')
#9 C:/Users/raven/Downloads/laravel-brs-agenda-penomoran/agenda-brs/vendor/laravel/framework/src/Illuminate/Database/Eloquent/Model.php(782): Illuminate/Database/Eloquent/Model->fill(Array)
#10 C:/Users/raven/Downloads/laravel-brs-agenda-penomoran/agenda-brs/vendor/laravel/framework/src/Illuminate/Database/Eloquent/Builder.php(1815): Illuminate/Database/Eloquent/Model->newInstance(Array)
#11 C:/Users/raven/Downloads/laravel-brs-agenda-penomoran/agenda-brs/vendor/laravel/framework/src/Illuminate/Database/Eloquent/Builder.php(1256): Illuminate/Database/Eloquent/Builder->newModelInstance(Array)
#12 C:/Users/raven/Downloads/laravel-brs-agenda-penomoran/agenda-brs/vendor/laravel/framework/src/Illuminate/Support/Traits/ForwardsCalls.php(23): Illuminate/Database/Eloquent/Builder->create(Array)
#13 C:/Users/raven/Downloads/laravel-brs-agenda-penomoran/agenda-brs/vendor/laravel/framework/src/Illuminate/Database/Eloquent/Model.php(2871): Illuminate/Database/Eloquent/Model->forwardCallTo(Object(Illuminate/Database/Eloquent/Builder), 'create', Array)
#14 C:/Users/raven/Downloads/laravel-brs-agenda-penomoran/agenda-brs/vendor/laravel/framework/src/Illuminate/Database/Eloquent/Model.php(2887): Illuminate/Database/Eloquent/Model->__call('create', Array)
#15 C:/Users/raven/Downloads/laravel-brs-agenda-penomoran/agenda-brs/database/seeders/BrsEntrySeeder.php(29): Illuminate/Database/Eloquent/Model::__callStatic('create', Array)
#16 C:/Users/raven/Downloads/laravel-brs-agenda-penomoran/agenda-brs/vendor/laravel/framework/src/Illuminate/Container/BoundMethod.php(36): Database/Seeders/BrsEntrySeeder->run()
#17 C:/Users/raven/Downloads/laravel-brs-agenda-penomoran/agenda-brs/vendor/laravel/framework/src/Illuminate/Container/Util.php(43): Illuminate/Container/BoundMethod::{closure:Illuminate/Container/BoundMethod::call():35}()
#18 C:/Users/raven/Downloads/laravel-brs-agenda-penomoran/agenda-brs/vendor/laravel/framework/src/Illuminate/Container/BoundMethod.php(96): Illuminate/Container/Util::unwrapIfClosure(Object(Closure))
#19 C:/Users/raven/Downloads/laravel-brs-agenda-penomoran/agenda-brs/vendor/laravel/framework/src/Illuminate/Container/BoundMethod.php(35): Illuminate/Container/BoundMethod::callBoundMethod(Object(Illuminate/Foundation/Application), Array, Object(Closure))
#20 C:/Users/raven/Downloads/laravel-brs-agenda-penomoran/agenda-brs/vendor/laravel/framework/src/Illuminate/Container/Container.php(803): Illuminate/Container/BoundMethod::call(Object(Illuminate/Foundation/Application), Array, Array, NULL)
#21 C:/Users/raven/Downloads/laravel-brs-agenda-penomoran/agenda-brs/vendor/laravel/framework/src/Illuminate/Database/Seeder.php(184): Illuminate/Container/Container->call(Array, Array)
#22 C:/Users/raven/Downloads/laravel-brs-agenda-penomoran/agenda-brs/vendor/laravel/framework/src/Illuminate/Database/Seeder.php(191): Illuminate/Database/Seeder->{closure:Illuminate/Database/Seeder::__invoke():183}()
#23 C:/Users/raven/Downloads/laravel-brs-agenda-penomoran/agenda-brs/vendor/laravel/framework/src/Illuminate/Database/Seeder.php(59): Illuminate/Database/Seeder->__invoke(Array)
#24 C:/Users/raven/Downloads/laravel-brs-agenda-penomoran/agenda-brs/database/seeders/DatabaseSeeder.php(11): Illuminate/Database/Seeder->call('Database//Seeder...')
#25 C:/Users/raven/Downloads/laravel-brs-agenda-penomoran/agenda-brs/vendor/laravel/framework/src/Illuminate/Container/BoundMethod.php(36): Database/Seeders/DatabaseSeeder->run()
#26 C:/Users/raven/Downloads/laravel-brs-agenda-penomoran/agenda-brs/vendor/laravel/framework/src/Illuminate/Container/Util.php(43): Illuminate/Container/BoundMethod::{closure:Illuminate/Container/BoundMethod::call():35}()
#27 C:/Users/raven/Downloads/laravel-brs-agenda-penomoran/agenda-brs/vendor/laravel/framework/src/Illuminate/Container/BoundMethod.php(96): Illuminate/Container/Util::unwrapIfClosure(Object(Closure))
#28 C:/Users/raven/Downloads/laravel-brs-agenda-penomoran/agenda-brs/vendor/laravel/framework/src/Illuminate/Container/BoundMethod.php(35): Illuminate/Container/BoundMethod::callBoundMethod(Object(Illuminate/Foundation/Application), Array, Object(Closure))
#29 C:/Users/raven/Downloads/laravel-brs-agenda-penomoran/agenda-brs/vendor/laravel/framework/src/Illuminate/Container/Container.php(803): Illuminate/Container/BoundMethod::call(Object(Illuminate/Foundation/Application), Array, Array, NULL)
#30 C:/Users/raven/Downloads/laravel-brs-agenda-penomoran/agenda-brs/vendor/laravel/framework/src/Illuminate/Database/Seeder.php(184): Illuminate/Container/Container->call(Array, Array)
#31 C:/Users/raven/Downloads/laravel-brs-agenda-penomoran/agenda-brs/vendor/laravel/framework/src/Illuminate/Database/Seeder.php(191): Illuminate/Database/Seeder->{closure:Illuminate/Database/Seeder::__invoke():183}()
#32 C:/Users/raven/Downloads/laravel-brs-agenda-penomoran/agenda-brs/vendor/laravel/framework/src/Illuminate/Database/Console/Seeds/SeedCommand.php(88): Illuminate/Database/Seeder->__invoke()
#33 C:/Users/raven/Downloads/laravel-brs-agenda-penomoran/agenda-brs/vendor/laravel/framework/src/Illuminate/Database/Eloquent/Concerns/GuardsAttributes.php(188): Illuminate/Database/Console/Seeds/SeedCommand->{closure:Illuminate/Database/Console/Seeds/SeedCommand::handle():87}()
#34 C:/Users/raven/Downloads/laravel-brs-agenda-penomoran/agenda-brs/vendor/laravel/framework/src/Illuminate/Database/Console/Seeds/SeedCommand.php(87): Illuminate/Database/Eloquent/Model::unguarded(Object(Closure))
#35 C:/Users/raven/Downloads/laravel-brs-agenda-penomoran/agenda-brs/vendor/laravel/framework/src/Illuminate/Container/BoundMethod.php(36): Illuminate/Database/Console/Seeds/SeedCommand->handle()
#36 C:/Users/raven/Downloads/laravel-brs-agenda-penomoran/agenda-brs/vendor/laravel/framework/src/Illuminate/Container/Util.php(43): Illuminate/Container/BoundMethod::{closure:Illuminate/Container/BoundMethod::call():35}()
#37 C:/Users/raven/Downloads/laravel-brs-agenda-penomoran/agenda-brs/vendor/laravel/framework/src/Illuminate/Container/BoundMethod.php(96): Illuminate/Container/Util::unwrapIfClosure(Object(Closure))
#38 C:/Users/raven/Downloads/laravel-brs-agenda-penomoran/agenda-brs/vendor/laravel/framework/src/Illuminate/Container/BoundMethod.php(35): Illuminate/Container/BoundMethod::callBoundMethod(Object(Illuminate/Foundation/Application), Array, Object(Closure))
#39 C:/Users/raven/Downloads/laravel-brs-agenda-penomoran/agenda-brs/vendor/laravel/framework/src/Illuminate/Container/Container.php(803): Illuminate/Container/BoundMethod::call(Object(Illuminate/Foundation/Application), Array, Array, NULL)
#40 C:/Users/raven/Downloads/laravel-brs-agenda-penomoran/agenda-brs/vendor/laravel/framework/src/Illuminate/Console/Command.php(292): Illuminate/Container/Container->call(Array)
#41 C:/Users/raven/Downloads/laravel-brs-agenda-penomoran/agenda-brs/vendor/symfony/console/Command/Command.php(284): Illuminate/Console/Command->execute(Object(Symfony/Component/Console/Input/ArrayInput), Object(Illuminate/Console/OutputStyle))
#42 C:/Users/raven/Downloads/laravel-brs-agenda-penomoran/agenda-brs/vendor/laravel/framework/src/Illuminate/Console/Command.php(261): Symfony/Component/Console/Command/Command->run(Object(Symfony/Component/Console/Input/ArrayInput), Object(Illuminate/Console/OutputStyle))
#43 C:/Users/raven/Downloads/laravel-brs-agenda-penomoran/agenda-brs/vendor/laravel/framework/src/Illuminate/Console/Concerns/CallsCommands.php(68): Illuminate/Console/Command->run(Object(Symfony/Component/Console/Input/ArrayInput), Object(Illuminate/Console/OutputStyle))
#44 C:/Users/raven/Downloads/laravel-brs-agenda-penomoran/agenda-brs/vendor/laravel/framework/src/Illuminate/Console/Concerns/CallsCommands.php(29): Illuminate/Console/Command->runCommand('db:seed', Array, Object(Illuminate/Console/OutputStyle))
#45 C:/Users/raven/Downloads/laravel-brs-agenda-penomoran/agenda-brs/vendor/laravel/framework/src/Illuminate/Database/Console/Migrations/MigrateCommand.php(127): Illuminate/Console/Command->call('db:seed', Array)
#46 C:/Users/raven/Downloads/laravel-brs-agenda-penomoran/agenda-brs/vendor/laravel/framework/src/Illuminate/Database/Migrations/Migrator.php(672): Illuminate/Database/Console/Migrations/MigrateCommand->{closure:Illuminate/Database/Console/Migrations/MigrateCommand::runMigrations():111}()
#47 C:/Users/raven/Downloads/laravel-brs-agenda-penomoran/agenda-brs/vendor/laravel/framework/src/Illuminate/Database/Console/Migrations/MigrateCommand.php(111): Illuminate/Database/Migrations/Migrator->usingConnection(NULL, Object(Closure))
#48 C:/Users/raven/Downloads/laravel-brs-agenda-penomoran/agenda-brs/vendor/laravel/framework/src/Illuminate/Database/Console/Migrations/MigrateCommand.php(90): Illuminate/Database/Console/Migrations/MigrateCommand->runMigrations()
#49 C:/Users/raven/Downloads/laravel-brs-agenda-penomoran/agenda-brs/vendor/laravel/framework/src/Illuminate/Container/BoundMethod.php(36): Illuminate/Database/Console/Migrations/MigrateCommand->handle()
#50 C:/Users/raven/Downloads/laravel-brs-agenda-penomoran/agenda-brs/vendor/laravel/framework/src/Illuminate/Container/Util.php(43): Illuminate/Container/BoundMethod::{closure:Illuminate/Container/BoundMethod::call():35}()
#51 C:/Users/raven/Downloads/laravel-brs-agenda-penomoran/agenda-brs/vendor/laravel/framework/src/Illuminate/Container/BoundMethod.php(96): Illuminate/Container/Util::unwrapIfClosure(Object(Closure))
#52 C:/Users/raven/Downloads/laravel-brs-agenda-penomoran/agenda-brs/vendor/laravel/framework/src/Illuminate/Container/BoundMethod.php(35): Illuminate/Container/BoundMethod::callBoundMethod(Object(Illuminate/Foundation/Application), Array, Object(Closure))
#53 C:/Users/raven/Downloads/laravel-brs-agenda-penomoran/agenda-brs/vendor/laravel/framework/src/Illuminate/Container/Container.php(803): Illuminate/Container/BoundMethod::call(Object(Illuminate/Foundation/Application), Array, Array, NULL)
#54 C:/Users/raven/Downloads/laravel-brs-agenda-penomoran/agenda-brs/vendor/laravel/framework/src/Illuminate/Console/Command.php(292): Illuminate/Container/Container->call(Array)
#55 C:/Users/raven/Downloads/laravel-brs-agenda-penomoran/agenda-brs/vendor/symfony/console/Command/Command.php(284): Illuminate/Console/Command->execute(Object(Symfony/Component/Console/Input/ArgvInput), Object(Illuminate/Console/OutputStyle))
#56 C:/Users/raven/Downloads/laravel-brs-agenda-penomoran/agenda-brs/vendor/laravel/framework/src/Illuminate/Console/Command.php(261): Symfony/Component/Console/Command/Command->run(Object(Symfony/Component/Console/Input/ArgvInput), Object(Illuminate/Console/OutputStyle))
#57 C:/Users/raven/Downloads/laravel-brs-agenda-penomoran/agenda-brs/vendor/symfony/console/Application.php(1144): Illuminate/Console/Command->run(Object(Symfony/Component/Console/Input/ArgvInput), Object(Symfony/Component/Console/Output/ConsoleOutput))
#58 C:/Users/raven/Downloads/laravel-brs-agenda-penomoran/agenda-brs/vendor/symfony/console/Application.php(379): Symfony/Component/Console/Application->doRunCommand(Object(Illuminate/Database/Console/Migrations/MigrateCommand), Object(Symfony/Component/Console/Input/ArgvInput), Object(Symfony/Component/Console/Output/ConsoleOutput))
#59 C:/Users/raven/Downloads/laravel-brs-agenda-penomoran/agenda-brs/vendor/symfony/console/Application.php(218): Symfony/Component/Console/Application->doRun(Object(Symfony/Component/Console/Input/ArgvInput), Object(Symfony/Component/Console/Output/ConsoleOutput))
#60 C:/Users/raven/Downloads/laravel-brs-agenda-penomoran/agenda-brs/vendor/laravel/framework/src/Illuminate/Foundation/Console/Kernel.php(198): Symfony/Component/Console/Application->run(Object(Symfony/Component/Console/Input/ArgvInput), Object(Symfony/Component/Console/Output/ConsoleOutput))
#61 C:/Users/raven/Downloads/laravel-brs-agenda-penomoran/agenda-brs/vendor/laravel/framework/src/Illuminate/Foundation/Application.php(1242): Illuminate/Foundation/Console/Kernel->handle(Object(Symfony/Component/Console/Input/ArgvInput), Object(Symfony/Component/Console/Output/ConsoleOutput))
#62 C:/Users/raven/Downloads/laravel-brs-agenda-penomoran/agenda-brs/artisan(16): Illuminate/Foundation/Application->handleCommand(Object(Symfony/Component/Console/Input/ArgvInput))
#63 {main}
"} 
[2026-08-29 06:43:21] local.ERROR: SQLSTATE[HY000] [2002] No connection could be made because the target machine actively refused it (Connection: mysql, Host: 127.0.0.1, Port: 3306, Database: brs_db, SQL: select * from `sessions` where `id` = nJVa45ZYIMow4SnKxMjsYDqieE68xzw3K78oZRRf limit 1) {"exception":"[object] (Illuminate\\Database\\QueryException(code: 2002): SQLSTATE[HY000] [2002] No connection could be made because the target machine actively refused it (Connection: mysql, Host: 127.0.0.1, Port: 3306, Database: brs_db, SQL: select * from `sessions` where `id` = nJVa45ZYIMow4SnKxMjsYDqieE68xzw3K78oZRRf limit 1) at C:/Users/raven/Downloads/laravel-brs-agenda-penomoran/agenda-brs/vendor/laravel/framework/src/Illuminate/Database/Connection.php:857)
[stacktrace]
#0 C:/Users/raven/Downloads/laravel-brs-agenda-penomoran/agenda-brs/vendor/laravel/framework/src/Illuminate/Database/Connection.php(1038): Illuminate/Database/Connection->runQueryCallback('select * from `...', Array, Object(Closure))
#1 C:/Users/raven/Downloads/laravel-brs-agenda-penomoran/agenda-brs/vendor/laravel/framework/src/Illuminate/Database/Connection.php(1017): Illuminate/Database/Connection->tryAgainIfCausedByLostConnection(Object(Illuminate/Database/QueryException), 'select * from `...', Array, Object(Closure))
#2 C:/Users/raven/Downloads/laravel-brs-agenda-penomoran/agenda-brs/vendor/laravel/framework/src/Illuminate/Database/Connection.php(815): Illuminate/Database/Connection->handleQueryException(Object(Illuminate/Database/QueryException), 'select * from `...', Array, Object(Closure))
#3 C:/Users/raven/Downloads/laravel-brs-agenda-penomoran/agenda-brs/vendor/laravel/framework/src/Illuminate/Database/Connection.php(426): Illuminate/Database/Connection->run('select * from `...', Array, Object(Closure))
#4 C:/Users/raven/Downloads/laravel-brs-agenda-penomoran/agenda-brs/vendor/laravel/framework/src/Illuminate/Database/Query/Builder.php(3629): Illuminate/Database/Connection->select('select * from `...', Array, false, Array)
#5 C:/Users/raven/Downloads/laravel-brs-agenda-penomoran/agenda-brs/vendor/laravel/framework/src/Illuminate/Database/Query/Builder.php(3613): Illuminate/Database/Query/Builder->runSelect()
#6 C:/Users/raven/Downloads/laravel-brs-agenda-penomoran/agenda-brs/vendor/laravel/framework/src/Illuminate/Database/Concerns/BuildsQueries.php(366): Illuminate/Database/Query/Builder->get(Array)
#7 C:/Users/raven/Downloads/laravel-brs-agenda-penomoran/agenda-brs/vendor/laravel/framework/src/Illuminate/Database/Query/Builder.php(3531): Illuminate/Database/Query/Builder->first(Array)
#8 C:/Users/raven/Downloads/laravel-brs-agenda-penomoran/agenda-brs/vendor/laravel/framework/src/Illuminate/Session/DatabaseSessionHandler.php(96): Illuminate/Database/Query/Builder->find('nJVa45ZYIMow4Sn...')
#9 C:/Users/raven/Downloads/laravel-brs-agenda-penomoran/agenda-brs/vendor/laravel/framework/src/Illuminate/Session/Store.php(128): Illuminate/Session/DatabaseSessionHandler->read('nJVa45ZYIMow4Sn...')
#10 C:/Users/raven/Downloads/laravel-brs-agenda-penomoran/agenda-brs/vendor/laravel/framework/src/Illuminate/Session/Store.php(116): Illuminate/Session/Store->readFromHandler()
#11 C:/Users/raven/Downloads/laravel-brs-agenda-penomoran/agenda-brs/vendor/laravel/framework/src/Illuminate/Session/Store.php(100): Illuminate/Session/Store->loadSession()
#12 C:/Users/raven/Downloads/laravel-brs-agenda-penomoran/agenda-brs/vendor/laravel/framework/src/Illuminate/Session/Middleware/StartSession.php(146): Illuminate/Session/Store->start()
#13 C:/Users/raven/Downloads/laravel-brs-agenda-penomoran/agenda-brs/vendor/laravel/framework/src/Illuminate/Support/helpers.php(393): Illuminate/Session/Middleware/StartSession->{closure:Illuminate/Session/Middleware/StartSession::startSession():143}(Object(Illuminate/Session/Store))
#14 C:/Users/raven/Downloads/laravel-brs-agenda-penomoran/agenda-brs/vendor/laravel/framework/src/Illuminate/Session/Middleware/StartSession.php(143): tap(Object(Illuminate/Session/Store), Object(Closure))
#15 C:/Users/raven/Downloads/laravel-brs-agenda-penomoran/agenda-brs/vendor/laravel/framework/src/Illuminate/Session/Middleware/StartSession.php(115): Illuminate/Session/Middleware/StartSession->startSession(Object(Illuminate/Http/Request), Object(Illuminate/Session/Store))
#16 C:/Users/raven/Downloads/laravel-brs-agenda-penomoran/agenda-brs/vendor/laravel/framework/src/Illuminate/Session/Middleware/StartSession.php(63): Illuminate/Session/Middleware/StartSession->handleStatefulRequest(Object(Illuminate/Http/Request), Object(Illuminate/Session/Store), Object(Closure))
#17 C:/Users/raven/Downloads/laravel-brs-agenda-penomoran/agenda-brs/vendor/laravel/framework/src/Illuminate/Pipeline/Pipeline.php(219): Illuminate/Session/Middleware/StartSession->handle(Object(Illuminate/Http/Request), Object(Closure))
#18 C:/Users/raven/Downloads/laravel-brs-agenda-penomoran/agenda-brs/vendor/laravel/framework/src/Illuminate/Cookie/Middleware/AddQueuedCookiesToResponse.php(36): Illuminate/Pipeline/Pipeline->{closure:{closure:Illuminate/Pipeline/Pipeline::carry():194}:195}(Object(Illuminate/Http/Request))
#19 C:/Users/raven/Downloads/laravel-brs-agenda-penomoran/agenda-brs/vendor/laravel/framework/src/Illuminate/Pipeline/Pipeline.php(219): Illuminate/Cookie/Middleware/AddQueuedCookiesToResponse->handle(Object(Illuminate/Http/Request), Object(Closure))
#20 C:/Users/raven/Downloads/laravel-brs-agenda-penomoran/agenda-brs/vendor/laravel/framework/src/Illuminate/Cookie/Middleware/EncryptCookies.php(74): Illuminate/Pipeline/Pipeline->{closure:{closure:Illuminate/Pipeline/Pipeline::carry():194}:195}(Object(Illuminate/Http/Request))
#21 C:/Users/raven/Downloads/laravel-brs-agenda-penomoran/agenda-brs/vendor/laravel/framework/src/Illuminate/Pipeline/Pipeline.php(219): Illuminate/Cookie/Middleware/EncryptCookies->handle(Object(Illuminate/Http/Request), Object(Closure))
#22 C:/Users/raven/Downloads/laravel-brs-agenda-penomoran/agenda-brs/vendor/laravel/framework/src/Illuminate/Pipeline/Pipeline.php(137): Illuminate/Pipeline/Pipeline->{closure:{closure:Illuminate/Pipeline/Pipeline::carry():194}:195}(Object(Illuminate/Http/Request))
#23 C:/Users/raven/Downloads/laravel-brs-agenda-penomoran/agenda-brs/vendor/laravel/framework/src/Illuminate/Routing/Router.php(821): Illuminate/Pipeline/Pipeline->then(Object(Closure))
#24 C:/Users/raven/Downloads/laravel-brs-agenda-penomoran/agenda-brs/vendor/laravel/framework/src/Illuminate/Routing/Router.php(800): Illuminate/Routing/Router->runRouteWithinStack(Object(Illuminate/Routing/Route), Object(Illuminate/Http/Request))
#25 C:/Users/raven/Downloads/laravel-brs-agenda-penomoran/agenda-brs/vendor/laravel/framework/src/Illuminate/Routing/Router.php(764): Illuminate/Routing/Router->runRoute(Object(Illuminate/Http/Request), Object(Illuminate/Routing/Route))
#26 C:/Users/raven/Downloads/laravel-brs-agenda-penomoran/agenda-brs/vendor/laravel/framework/src/Illuminate/Routing/Router.php(753): Illuminate/Routing/Router->dispatchToRoute(Object(Illuminate/Http/Request))
#27 C:/Users/raven/Downloads/laravel-brs-agenda-penomoran/agenda-brs/vendor/laravel/framework/src/Illuminate/Foundation/Http/Kernel.php(200): Illuminate/Routing/Router->dispatch(Object(Illuminate/Http/Request))
#28 C:/Users/raven/Downloads/laravel-brs-agenda-penomoran/agenda-brs/vendor/laravel/framework/src/Illuminate/Pipeline/Pipeline.php(180): Illuminate/Foundation/Http/Kernel->{closure:Illuminate/Foundation/Http/Kernel::dispatchToRouter():197}(Object(Illuminate/Http/Request))
#29 C:/Users/raven/Downloads/laravel-brs-agenda-penomoran/agenda-brs/vendor/laravel/framework/src/Illuminate/Foundation/Http/Middleware/TransformsRequest.php(21): Illuminate/Pipeline/Pipeline->{closure:Illuminate/Pipeline/Pipeline::prepareDestination():178}(Object(Illuminate/Http/Request))
#30 C:/Users/raven/Downloads/laravel-brs-agenda-penomoran/agenda-brs/vendor/laravel/framework/src/Illuminate/Foundation/Http/Middleware/ConvertEmptyStringsToNull.php(31): Illuminate/Foundation/Http/Middleware/TransformsRequest->handle(Object(Illuminate/Http/Request), Object(Closure))
#31 C:/Users/raven/Downloads/laravel-brs-agenda-penomoran/agenda-brs/vendor/laravel/framework/src/Illuminate/Pipeline/Pipeline.php(219): Illuminate/Foundation/Http/Middleware/ConvertEmptyStringsToNull->handle(Object(Illuminate/Http/Request), Object(Closure))
#32 C:/Users/raven/Downloads/laravel-brs-agenda-penomoran/agenda-brs/vendor/laravel/framework/src/Illuminate/Foundation/Http/Middleware/TransformsRequest.php(21): Illuminate/Pipeline/Pipeline->{closure:{closure:Illuminate/Pipeline/Pipeline::carry():194}:195}(Object(Illuminate/Http/Request))
#33 C:/Users/raven/Downloads/laravel-brs-agenda-penomoran/agenda-brs/vendor/laravel/framework/src/Illuminate/Foundation/Http/Middleware/TrimStrings.php(51): Illuminate/Foundation/Http/Middleware/TransformsRequest->handle(Object(Illuminate/Http/Request), Object(Closure))
#34 C:/Users/raven/Downloads/laravel-brs-agenda-penomoran/agenda-brs/vendor/laravel/framework/src/Illuminate/Pipeline/Pipeline.php(219): Illuminate/Foundation/Http/Middleware/TrimStrings->handle(Object(Illuminate/Http/Request), Object(Closure))
#35 C:/Users/raven/Downloads/laravel-brs-agenda-penomoran/agenda-brs/vendor/laravel/framework/src/Illuminate/Http/Middleware/ValidatePostSize.php(27): Illuminate/Pipeline/Pipeline->{closure:{closure:Illuminate/Pipeline/Pipeline::carry():194}:195}(Object(Illuminate/Http/Request))
#36 C:/Users/raven/Downloads/laravel-brs-agenda-penomoran/agenda-brs/vendor/laravel/framework/src/Illuminate/Pipeline/Pipeline.php(219): Illuminate/Http/Middleware/ValidatePostSize->handle(Object(Illuminate/Http/Request), Object(Closure))
#37 C:/Users/raven/Downloads/laravel-brs-agenda-penomoran/agenda-brs/vendor/laravel/framework/src/Illuminate/Foundation/Http/Middleware/PreventRequestsDuringMaintenance.php(110): Illuminate/Pipeline/Pipeline->{closure:{closure:Illuminate/Pipeline/Pipeline::carry():194}:195}(Object(Illuminate/Http/Request))
#38 C:/Users/raven/Downloads/laravel-brs-agenda-penomoran/agenda-brs/vendor/laravel/framework/src/Illuminate/Pipeline/Pipeline.php(219): Illuminate/Foundation/Http/Middleware/PreventRequestsDuringMaintenance->handle(Object(Illuminate/Http/Request), Object(Closure))
#39 C:/Users/raven/Downloads/laravel-brs-agenda-penomoran/agenda-brs/vendor/laravel/framework/src/Illuminate/Http/Middleware/HandleCors.php(61): Illuminate/Pipeline/Pipeline->{closure:{closure:Illuminate/Pipeline/Pipeline::carry():194}:195}(Object(Illuminate/Http/Request))
#40 C:/Users/raven/Downloads/laravel-brs-agenda-penomoran/agenda-brs/vendor/laravel/framework/src/Illuminate/Pipeline/Pipeline.php(219): Illuminate/Http/Middleware/HandleCors->handle(Object(Illuminate/Http/Request), Object(Closure))
#41 C:/Users/raven/Downloads/laravel-brs-agenda-penomoran/agenda-brs/vendor/laravel/framework/src/Illuminate/Http/Middleware/TrustProxies.php(58): Illuminate/Pipeline/Pipeline->{closure:{closure:Illuminate/Pipeline/Pipeline::carry():194}:195}(Object(Illuminate/Http/Request))
#42 C:/Users/raven/Downloads/laravel-brs-agenda-penomoran/agenda-brs/vendor/laravel/framework/src/Illuminate/Pipeline/Pipeline.php(219): Illuminate/Http/Middleware/TrustProxies->handle(Object(Illuminate/Http/Request), Object(Closure))
#43 C:/Users/raven/Downloads/laravel-brs-agenda-penomoran/agenda-brs/vendor/laravel/framework/src/Illuminate/Foundation/Http/Middleware/InvokeDeferredCallbacks.php(22): Illuminate/Pipeline/Pipeline->{closure:{closure:Illuminate/Pipeline/Pipeline::carry():194}:195}(Object(Illuminate/Http/Request))
#44 C:/Users/raven/Downloads/laravel-brs-agenda-penomoran/agenda-brs/vendor/laravel/framework/src/Illuminate/Pipeline/Pipeline.php(219): Illuminate/Foundation/Http/Middleware/InvokeDeferredCallbacks->handle(Object(Illuminate/Http/Request), Object(Closure))
#45 C:/Users/raven/Downloads/laravel-brs-agenda-penomoran/agenda-brs/vendor/laravel/framework/src/Illuminate/Http/Middleware/ValidatePathEncoding.php(28): Illuminate/Pipeline/Pipeline->{closure:{closure:Illuminate/Pipeline/Pipeline::carry():194}:195}(Object(Illuminate/Http/Request))
#46 C:/Users/raven/Downloads/laravel-brs-agenda-penomoran/agenda-brs/vendor/laravel/framework/src/Illuminate/Pipeline/Pipeline.php(219): Illuminate/Http/Middleware/ValidatePathEncoding->handle(Object(Illuminate/Http/Request), Object(Closure))
#47 C:/Users/raven/Downloads/laravel-brs-agenda-penomoran/agenda-brs/vendor/laravel/framework/src/Illuminate/Pipeline/Pipeline.php(137): Illuminate/Pipeline/Pipeline->{closure:{closure:Illuminate/Pipeline/Pipeline::carry():194}:195}(Object(Illuminate/Http/Request))
#48 C:/Users/raven/Downloads/laravel-brs-agenda-penomoran/agenda-brs/vendor/laravel/framework/src/Illuminate/Foundation/Http/Kernel.php(175): Illuminate/Pipeline/Pipeline->then(Object(Closure))
#49 C:/Users/raven/Downloads/laravel-brs-agenda-penomoran/agenda-brs/vendor/laravel/framework/src/Illuminate/Foundation/Http/Kernel.php(144): Illuminate/Foundation/Http/Kernel->sendRequestThroughRouter(Object(Illuminate/Http/Request))
#50 C:/Users/raven/Downloads/laravel-brs-agenda-penomoran/agenda-brs/vendor/laravel/framework/src/Illuminate/Foundation/Application.php(1227): Illuminate/Foundation/Http/Kernel->handle(Object(Illuminate/Http/Request))
#51 C:/Users/raven/Downloads/laravel-brs-agenda-penomoran/agenda-brs/public/index.php(20): Illuminate/Foundation/Application->handleRequest(Object(Illuminate/Http/Request))
#52 C:/Users/raven/Downloads/laravel-brs-agenda-penomoran/agenda-brs/vendor/laravel/framework/src/Illuminate/Foundation/resources/server.php(23): require_once('C://Users//raven//...')
#53 {main}

[previous exception] [object] (PDOException(code: 2002): SQLSTATE[HY000] [2002] No connection could be made because the target machine actively refused it at C:/Users/raven/Downloads/laravel-brs-agenda-penomoran/agenda-brs/vendor/laravel/framework/src/Illuminate/Database/Connectors/Connector.php:67)
[stacktrace]
#0 C:/Users/raven/Downloads/laravel-brs-agenda-penomoran/agenda-brs/vendor/laravel/framework/src/Illuminate/Database/Connectors/Connector.php(67): PDO::connect('mysql:host=127....', 'root', Object(SensitiveParameterValue), Array)
#1 C:/Users/raven/Downloads/laravel-brs-agenda-penomoran/agenda-brs/vendor/laravel/framework/src/Illuminate/Database/Connectors/Connector.php(85): Illuminate/Database/Connectors/Connector->createPdoConnection('mysql:host=127....', 'root', Object(SensitiveParameterValue), Array)
#2 C:/Users/raven/Downloads/laravel-brs-agenda-penomoran/agenda-brs/vendor/laravel/framework/src/Illuminate/Database/Connectors/Connector.php(48): Illuminate/Database/Connectors/Connector->tryAgainIfCausedByLostConnection(Object(PDOException), 'mysql:host=127....', 'root', Object(SensitiveParameterValue), Array)
#3 C:/Users/raven/Downloads/laravel-brs-agenda-penomoran/agenda-brs/vendor/laravel/framework/src/Illuminate/Database/Connectors/MySqlConnector.php(24): Illuminate/Database/Connectors/Connector->createConnection('mysql:host=127....', Array, Array)
#4 C:/Users/raven/Downloads/laravel-brs-agenda-penomoran/agenda-brs/vendor/laravel/framework/src/Illuminate/Database/Connectors/ConnectionFactory.php(220): Illuminate/Database/Connectors/MySqlConnector->connect(Array)
#5 [internal function]: Illuminate/Database/Connectors/ConnectionFactory->{closure:Illuminate/Database/Connectors/ConnectionFactory::createPdoResolverWithHosts():213}()
#6 C:/Users/raven/Downloads/laravel-brs-agenda-penomoran/agenda-brs/vendor/laravel/framework/src/Illuminate/Database/Connection.php(1298): call_user_func(Object(Closure))
#7 C:/Users/raven/Downloads/laravel-brs-agenda-penomoran/agenda-brs/vendor/laravel/framework/src/Illuminate/Database/Connection.php(542): Illuminate/Database/Connection->getPdo()
#8 C:/Users/raven/Downloads/laravel-brs-agenda-penomoran/agenda-brs/vendor/laravel/framework/src/Illuminate/Database/Connection.php(435): Illuminate/Database/Connection->getPdoForSelect(false)
#9 C:/Users/raven/Downloads/laravel-brs-agenda-penomoran/agenda-brs/vendor/laravel/framework/src/Illuminate/Database/Connection.php(846): Illuminate/Database/Connection->{closure:Illuminate/Database/Connection::select():426}('select * from `...', Array)
#10 C:/Users/raven/Downloads/laravel-brs-agenda-penomoran/agenda-brs/vendor/laravel/framework/src/Illuminate/Database/Connection.php(1038): Illuminate/Database/Connection->runQueryCallback('select * from `...', Array, Object(Closure))
#11 C:/Users/raven/Downloads/laravel-brs-agenda-penomoran/agenda-brs/vendor/laravel/framework/src/Illuminate/Database/Connection.php(1017): Illuminate/Database/Connection->tryAgainIfCausedByLostConnection(Object(Illuminate/Database/QueryException), 'select * from `...', Array, Object(Closure))
#12 C:/Users/raven/Downloads/laravel-brs-agenda-penomoran/agenda-brs/vendor/laravel/framework/src/Illuminate/Database/Connection.php(815): Illuminate/Database/Connection->handleQueryException(Object(Illuminate/Database/QueryException), 'select * from `...', Array, Object(Closure))
#13 C:/Users/raven/Downloads/laravel-brs-agenda-penomoran/agenda-brs/vendor/laravel/framework/src/Illuminate/Database/Connection.php(426): Illuminate/Database/Connection->run('select * from `...', Array, Object(Closure))
#14 C:/Users/raven/Downloads/laravel-brs-agenda-penomoran/agenda-brs/vendor/laravel/framework/src/Illuminate/Database/Query/Builder.php(3629): Illuminate/Database/Connection->select('select * from `...', Array, false, Array)
#15 C:/Users/raven/Downloads/laravel-brs-agenda-penomoran/agenda-brs/vendor/laravel/framework/src/Illuminate/Database/Query/Builder.php(3613): Illuminate/Database/Query/Builder->runSelect()
#16 C:/Users/raven/Downloads/laravel-brs-agenda-penomoran/agenda-brs/vendor/laravel/framework/src/Illuminate/Database/Concerns/BuildsQueries.php(366): Illuminate/Database/Query/Builder->get(Array)
#17 C:/Users/raven/Downloads/laravel-brs-agenda-penomoran/agenda-brs/vendor/laravel/framework/src/Illuminate/Database/Query/Builder.php(3531): Illuminate/Database/Query/Builder->first(Array)
#18 C:/Users/raven/Downloads/laravel-brs-agenda-penomoran/agenda-brs/vendor/laravel/framework/src/Illuminate/Session/DatabaseSessionHandler.php(96): Illuminate/Database/Query/Builder->find('nJVa45ZYIMow4Sn...')
#19 C:/Users/raven/Downloads/laravel-brs-agenda-penomoran/agenda-brs/vendor/laravel/framework/src/Illuminate/Session/Store.php(128): Illuminate/Session/DatabaseSessionHandler->read('nJVa45ZYIMow4Sn...')
#20 C:/Users/raven/Downloads/laravel-brs-agenda-penomoran/agenda-brs/vendor/laravel/framework/src/Illuminate/Session/Store.php(116): Illuminate/Session/Store->readFromHandler()
#21 C:/Users/raven/Downloads/laravel-brs-agenda-penomoran/agenda-brs/vendor/laravel/framework/src/Illuminate/Session/Store.php(100): Illuminate/Session/Store->loadSession()
#22 C:/Users/raven/Downloads/laravel-brs-agenda-penomoran/agenda-brs/vendor/laravel/framework/src/Illuminate/Session/Middleware/StartSession.php(146): Illuminate/Session/Store->start()
#23 C:/Users/raven/Downloads/laravel-brs-agenda-penomoran/agenda-brs/vendor/laravel/framework/src/Illuminate/Support/helpers.php(393): Illuminate/Session/Middleware/StartSession->{closure:Illuminate/Session/Middleware/StartSession::startSession():143}(Object(Illuminate/Session/Store))
#24 C:/Users/raven/Downloads/laravel-brs-agenda-penomoran/agenda-brs/vendor/laravel/framework/src/Illuminate/Session/Middleware/StartSession.php(143): tap(Object(Illuminate/Session/Store), Object(Closure))
#25 C:/Users/raven/Downloads/laravel-brs-agenda-penomoran/agenda-brs/vendor/laravel/framework/src/Illuminate/Session/Middleware/StartSession.php(115): Illuminate/Session/Middleware/StartSession->startSession(Object(Illuminate/Http/Request), Object(Illuminate/Session/Store))
#26 C:/Users/raven/Downloads/laravel-brs-agenda-penomoran/agenda-brs/vendor/laravel/framework/src/Illuminate/Session/Middleware/StartSession.php(63): Illuminate/Session/Middleware/StartSession->handleStatefulRequest(Object(Illuminate/Http/Request), Object(Illuminate/Session/Store), Object(Closure))
#27 C:/Users/raven/Downloads/laravel-brs-agenda-penomoran/agenda-brs/vendor/laravel/framework/src/Illuminate/Pipeline/Pipeline.php(219): Illuminate/Session/Middleware/StartSession->handle(Object(Illuminate/Http/Request), Object(Closure))
#28 C:/Users/raven/Downloads/laravel-brs-agenda-penomoran/agenda-brs/vendor/laravel/framework/src/Illuminate/Cookie/Middleware/AddQueuedCookiesToResponse.php(36): Illuminate/Pipeline/Pipeline->{closure:{closure:Illuminate/Pipeline/Pipeline::carry():194}:195}(Object(Illuminate/Http/Request))
#29 C:/Users/raven/Downloads/laravel-brs-agenda-penomoran/agenda-brs/vendor/laravel/framework/src/Illuminate/Pipeline/Pipeline.php(219): Illuminate/Cookie/Middleware/AddQueuedCookiesToResponse->handle(Object(Illuminate/Http/Request), Object(Closure))
#30 C:/Users/raven/Downloads/laravel-brs-agenda-penomoran/agenda-brs/vendor/laravel/framework/src/Illuminate/Cookie/Middleware/EncryptCookies.php(74): Illuminate/Pipeline/Pipeline->{closure:{closure:Illuminate/Pipeline/Pipeline::carry():194}:195}(Object(Illuminate/Http/Request))
#31 C:/Users/raven/Downloads/laravel-brs-agenda-penomoran/agenda-brs/vendor/laravel/framework/src/Illuminate/Pipeline/Pipeline.php(219): Illuminate/Cookie/Middleware/EncryptCookies->handle(Object(Illuminate/Http/Request), Object(Closure))
#32 C:/Users/raven/Downloads/laravel-brs-agenda-penomoran/agenda-brs/vendor/laravel/framework/src/Illuminate/Pipeline/Pipeline.php(137): Illuminate/Pipeline/Pipeline->{closure:{closure:Illuminate/Pipeline/Pipeline::carry():194}:195}(Object(Illuminate/Http/Request))
#33 C:/Users/raven/Downloads/laravel-brs-agenda-penomoran/agenda-brs/vendor/laravel/framework/src/Illuminate/Routing/Router.php(821): Illuminate/Pipeline/Pipeline->then(Object(Closure))
#34 C:/Users/raven/Downloads/laravel-brs-agenda-penomoran/agenda-brs/vendor/laravel/framework/src/Illuminate/Routing/Router.php(800): Illuminate/Routing/Router->runRouteWithinStack(Object(Illuminate/Routing/Route), Object(Illuminate/Http/Request))
#35 C:/Users/raven/Downloads/laravel-brs-agenda-penomoran/agenda-brs/vendor/laravel/framework/src/Illuminate/Routing/Router.php(764): Illuminate/Routing/Router->runRoute(Object(Illuminate/Http/Request), Object(Illuminate/Routing/Route))
#36 C:/Users/raven/Downloads/laravel-brs-agenda-penomoran/agenda-brs/vendor/laravel/framework/src/Illuminate/Routing/Router.php(753): Illuminate/Routing/Router->dispatchToRoute(Object(Illuminate/Http/Request))
#37 C:/Users/raven/Downloads/laravel-brs-agenda-penomoran/agenda-brs/vendor/laravel/framework/src/Illuminate/Foundation/Http/Kernel.php(200): Illuminate/Routing/Router->dispatch(Object(Illuminate/Http/Request))
#38 C:/Users/raven/Downloads/laravel-brs-agenda-penomoran/agenda-brs/vendor/laravel/framework/src/Illuminate/Pipeline/Pipeline.php(180): Illuminate/Foundation/Http/Kernel->{closure:Illuminate/Foundation/Http/Kernel::dispatchToRouter():197}(Object(Illuminate/Http/Request))
#39 C:/Users/raven/Downloads/laravel-brs-agenda-penomoran/agenda-brs/vendor/laravel/framework/src/Illuminate/Foundation/Http/Middleware/TransformsRequest.php(21): Illuminate/Pipeline/Pipeline->{closure:Illuminate/Pipeline/Pipeline::prepareDestination():178}(Object(Illuminate/Http/Request))
#40 C:/Users/raven/Downloads/laravel-brs-agenda-penomoran/agenda-brs/vendor/laravel/framework/src/Illuminate/Foundation/Http/Middleware/ConvertEmptyStringsToNull.php(31): Illuminate/Foundation/Http/Middleware/TransformsRequest->handle(Object(Illuminate/Http/Request), Object(Closure))
#41 C:/Users/raven/Downloads/laravel-brs-agenda-penomoran/agenda-brs/vendor/laravel/framework/src/Illuminate/Pipeline/Pipeline.php(219): Illuminate/Foundation/Http/Middleware/ConvertEmptyStringsToNull->handle(Object(Illuminate/Http/Request), Object(Closure))
#42 C:/Users/raven/Downloads/laravel-brs-agenda-penomoran/agenda-brs/vendor/laravel/framework/src/Illuminate/Foundation/Http/Middleware/TransformsRequest.php(21): Illuminate/Pipeline/Pipeline->{closure:{closure:Illuminate/Pipeline/Pipeline::carry():194}:195}(Object(Illuminate/Http/Request))
#43 C:/Users/raven/Downloads/laravel-brs-agenda-penomoran/agenda-brs/vendor/laravel/framework/src/Illuminate/Foundation/Http/Middleware/TrimStrings.php(51): Illuminate/Foundation/Http/Middleware/TransformsRequest->handle(Object(Illuminate/Http/Request), Object(Closure))
#44 C:/Users/raven/Downloads/laravel-brs-agenda-penomoran/agenda-brs/vendor/laravel/framework/src/Illuminate/Pipeline/Pipeline.php(219): Illuminate/Foundation/Http/Middleware/TrimStrings->handle(Object(Illuminate/Http/Request), Object(Closure))
#45 C:/Users/raven/Downloads/laravel-brs-agenda-penomoran/agenda-brs/vendor/laravel/framework/src/Illuminate/Http/Middleware/ValidatePostSize.php(27): Illuminate/Pipeline/Pipeline->{closure:{closure:Illuminate/Pipeline/Pipeline::carry():194}:195}(Object(Illuminate/Http/Request))
#46 C:/Users/raven/Downloads/laravel-brs-agenda-penomoran/agenda-brs/vendor/laravel/framework/src/Illuminate/Pipeline/Pipeline.php(219): Illuminate/Http/Middleware/ValidatePostSize->handle(Object(Illuminate/Http/Request), Object(Closure))
#47 C:/Users/raven/Downloads/laravel-brs-agenda-penomoran/agenda-brs/vendor/laravel/framework/src/Illuminate/Foundation/Http/Middleware/PreventRequestsDuringMaintenance.php(110): Illuminate/Pipeline/Pipeline->{closure:{closure:Illuminate/Pipeline/Pipeline::carry():194}:195}(Object(Illuminate/Http/Request))
#48 C:/Users/raven/Downloads/laravel-brs-agenda-penomoran/agenda-brs/vendor/laravel/framework/src/Illuminate/Pipeline/Pipeline.php(219): Illuminate/Foundation/Http/Middleware/PreventRequestsDuringMaintenance->handle(Object(Illuminate/Http/Request), Object(Closure))
#49 C:/Users/raven/Downloads/laravel-brs-agenda-penomoran/agenda-brs/vendor/laravel/framework/src/Illuminate/Http/Middleware/HandleCors.php(61): Illuminate/Pipeline/Pipeline->{closure:{closure:Illuminate/Pipeline/Pipeline::carry():194}:195}(Object(Illuminate/Http/Request))
#50 C:/Users/raven/Downloads/laravel-brs-agenda-penomoran/agenda-brs/vendor/laravel/framework/src/Illuminate/Pipeline/Pipeline.php(219): Illuminate/Http/Middleware/HandleCors->handle(Object(Illuminate/Http/Request), Object(Closure))
#51 C:/Users/raven/Downloads/laravel-brs-agenda-penomoran/agenda-brs/vendor/laravel/framework/src/Illuminate/Http/Middleware/TrustProxies.php(58): Illuminate/Pipeline/Pipeline->{closure:{closure:Illuminate/Pipeline/Pipeline::carry():194}:195}(Object(Illuminate/Http/Request))
#52 C:/Users/raven/Downloads/laravel-brs-agenda-penomoran/agenda-brs/vendor/laravel/framework/src/Illuminate/Pipeline/Pipeline.php(219): Illuminate/Http/Middleware/TrustProxies->handle(Object(Illuminate/Http/Request), Object(Closure))
#53 C:/Users/raven/Downloads/laravel-brs-agenda-penomoran/agenda-brs/vendor/laravel/framework/src/Illuminate/Foundation/Http/Middleware/InvokeDeferredCallbacks.php(22): Illuminate/Pipeline/Pipeline->{closure:{closure:Illuminate/Pipeline/Pipeline::carry():194}:195}(Object(Illuminate/Http/Request))
#54 C:/Users/raven/Downloads/laravel-brs-agenda-penomoran/agenda-brs/vendor/laravel/framework/src/Illuminate/Pipeline/Pipeline.php(219): Illuminate/Foundation/Http/Middleware/InvokeDeferredCallbacks->handle(Object(Illuminate/Http/Request), Object(Closure))
#55 C:/Users/raven/Downloads/laravel-brs-agenda-penomoran/agenda-brs/vendor/laravel/framework/src/Illuminate/Http/Middleware/ValidatePathEncoding.php(28): Illuminate/Pipeline/Pipeline->{closure:{closure:Illuminate/Pipeline/Pipeline::carry():194}:195}(Object(Illuminate/Http/Request))
#56 C:/Users/raven/Downloads/laravel-brs-agenda-penomoran/agenda-brs/vendor/laravel/framework/src/Illuminate/Pipeline/Pipeline.php(219): Illuminate/Http/Middleware/ValidatePathEncoding->handle(Object(Illuminate/Http/Request), Object(Closure))
#57 C:/Users/raven/Downloads/laravel-brs-agenda-penomoran/agenda-brs/vendor/laravel/framework/src/Illuminate/Pipeline/Pipeline.php(137): Illuminate/Pipeline/Pipeline->{closure:{closure:Illuminate/Pipeline/Pipeline::carry():194}:195}(Object(Illuminate/Http/Request))
#58 C:/Users/raven/Downloads/laravel-brs-agenda-penomoran/agenda-brs/vendor/laravel/framework/src/Illuminate/Foundation/Http/Kernel.php(175): Illuminate/Pipeline/Pipeline->then(Object(Closure))
#59 C:/Users/raven/Downloads/laravel-brs-agenda-penomoran/agenda-brs/vendor/laravel/framework/src/Illuminate/Foundation/Http/Kernel.php(144): Illuminate/Foundation/Http/Kernel->sendRequestThroughRouter(Object(Illuminate/Http/Request))
#60 C:/Users/raven/Downloads/laravel-brs-agenda-penomoran/agenda-brs/vendor/laravel/framework/src/Illuminate/Foundation/Application.php(1227): Illuminate/Foundation/Http/Kernel->handle(Object(Illuminate/Http/Request))
#61 C:/Users/raven/Downloads/laravel-brs-agenda-penomoran/agenda-brs/public/index.php(20): Illuminate/Foundation/Application->handleRequest(Object(Illuminate/Http/Request))
#62 C:/Users/raven/Downloads/laravel-brs-agenda-penomoran/agenda-brs/vendor/laravel/framework/src/Illuminate/Foundation/resources/server.php(23): require_once('C://Users//raven//...')
#63 {main}
"} 
[2026-08-29 07:40:53] local.ERROR: Class "PhpOffice\PhpSpreadsheet\Spreadsheet" not found {"exception":"[object] (Error(code: 0): Class \"PhpOffice\\PhpSpreadsheet\\Spreadsheet\" not found at C:/Users/raven/Downloads/laravel-brs-agenda-penomoran/agenda-brs/app/Http/Controllers/BrsEntryController.php:119)
[stacktrace]
#0 C:/Users/raven/Downloads/laravel-brs-agenda-penomoran/agenda-brs/vendor/laravel/framework/src/Illuminate/Routing/ControllerDispatcher.php(46): App/Http/Controllers/BrsEntryController->export(2026)
#1 C:/Users/raven/Downloads/laravel-brs-agenda-penomoran/agenda-brs/vendor/laravel/framework/src/Illuminate/Routing/Route.php(276): Illuminate/Routing/ControllerDispatcher->dispatch(Object(Illuminate/Routing/Route), Object(App/Http/Controllers/BrsEntryController), 'export')
#2 C:/Users/raven/Downloads/laravel-brs-agenda-penomoran/agenda-brs/vendor/laravel/framework/src/Illuminate/Routing/Route.php(216): Illuminate/Routing/Route->runController()
#3 C:/Users/raven/Downloads/laravel-brs-agenda-penomoran/agenda-brs/vendor/laravel/framework/src/Illuminate/Routing/Router.php(822): Illuminate/Routing/Route->run()
#4 C:/Users/raven/Downloads/laravel-brs-agenda-penomoran/agenda-brs/vendor/laravel/framework/src/Illuminate/Pipeline/Pipeline.php(180): Illuminate/Routing/Router->{closure:Illuminate/Routing/Router::runRouteWithinStack():821}(Object(Illuminate/Http/Request))
#5 C:/Users/raven/Downloads/laravel-brs-agenda-penomoran/agenda-brs/vendor/laravel/framework/src/Illuminate/Routing/Middleware/SubstituteBindings.php(52): Illuminate/Pipeline/Pipeline->{closure:Illuminate/Pipeline/Pipeline::prepareDestination():178}(Object(Illuminate/Http/Request))
#6 C:/Users/raven/Downloads/laravel-brs-agenda-penomoran/agenda-brs/vendor/laravel/framework/src/Illuminate/Pipeline/Pipeline.php(219): Illuminate/Routing/Middleware/SubstituteBindings->handle(Object(Illuminate/Http/Request), Object(Closure))
#7 C:/Users/raven/Downloads/laravel-brs-agenda-penomoran/agenda-brs/vendor/laravel/framework/src/Illuminate/Foundation/Http/Middleware/PreventRequestForgery.php(104): Illuminate/Pipeline/Pipeline->{closure:{closure:Illuminate/Pipeline/Pipeline::carry():194}:195}(Object(Illuminate/Http/Request))
#8 C:/Users/raven/Downloads/laravel-brs-agenda-penomoran/agenda-brs/vendor/laravel/framework/src/Illuminate/Pipeline/Pipeline.php(219): Illuminate/Foundation/Http/Middleware/PreventRequestForgery->handle(Object(Illuminate/Http/Request), Object(Closure))
#9 C:/Users/raven/Downloads/laravel-brs-agenda-penomoran/agenda-brs/vendor/laravel/framework/src/Illuminate/View/Middleware/ShareErrorsFromSession.php(48): Illuminate/Pipeline/Pipeline->{closure:{closure:Illuminate/Pipeline/Pipeline::carry():194}:195}(Object(Illuminate/Http/Request))
#10 C:/Users/raven/Downloads/laravel-brs-agenda-penomoran/agenda-brs/vendor/laravel/framework/src/Illuminate/Pipeline/Pipeline.php(219): Illuminate/View/Middleware/ShareErrorsFromSession->handle(Object(Illuminate/Http/Request), Object(Closure))
#11 C:/Users/raven/Downloads/laravel-brs-agenda-penomoran/agenda-brs/vendor/laravel/framework/src/Illuminate/Session/Middleware/StartSession.php(120): Illuminate/Pipeline/Pipeline->{closure:{closure:Illuminate/Pipeline/Pipeline::carry():194}:195}(Object(Illuminate/Http/Request))
#12 C:/Users/raven/Downloads/laravel-brs-agenda-penomoran/agenda-brs/vendor/laravel/framework/src/Illuminate/Session/Middleware/StartSession.php(63): Illuminate/Session/Middleware/StartSession->handleStatefulRequest(Object(Illuminate/Http/Request), Object(Illuminate/Session/Store), Object(Closure))
#13 C:/Users/raven/Downloads/laravel-brs-agenda-penomoran/agenda-brs/vendor/laravel/framework/src/Illuminate/Pipeline/Pipeline.php(219): Illuminate/Session/Middleware/StartSession->handle(Object(Illuminate/Http/Request), Object(Closure))
#14 C:/Users/raven/Downloads/laravel-brs-agenda-penomoran/agenda-brs/vendor/laravel/framework/src/Illuminate/Cookie/Middleware/AddQueuedCookiesToResponse.php(36): Illuminate/Pipeline/Pipeline->{closure:{closure:Illuminate/Pipeline/Pipeline::carry():194}:195}(Object(Illuminate/Http/Request))
#15 C:/Users/raven/Downloads/laravel-brs-agenda-penomoran/agenda-brs/vendor/laravel/framework/src/Illuminate/Pipeline/Pipeline.php(219): Illuminate/Cookie/Middleware/AddQueuedCookiesToResponse->handle(Object(Illuminate/Http/Request), Object(Closure))
#16 C:/Users/raven/Downloads/laravel-brs-agenda-penomoran/agenda-brs/vendor/laravel/framework/src/Illuminate/Cookie/Middleware/EncryptCookies.php(74): Illuminate/Pipeline/Pipeline->{closure:{closure:Illuminate/Pipeline/Pipeline::carry():194}:195}(Object(Illuminate/Http/Request))
#17 C:/Users/raven/Downloads/laravel-brs-agenda-penomoran/agenda-brs/vendor/laravel/framework/src/Illuminate/Pipeline/Pipeline.php(219): Illuminate/Cookie/Middleware/EncryptCookies->handle(Object(Illuminate/Http/Request), Object(Closure))
#18 C:/Users/raven/Downloads/laravel-brs-agenda-penomoran/agenda-brs/vendor/laravel/framework/src/Illuminate/Pipeline/Pipeline.php(137): Illuminate/Pipeline/Pipeline->{closure:{closure:Illuminate/Pipeline/Pipeline::carry():194}:195}(Object(Illuminate/Http/Request))
#19 C:/Users/raven/Downloads/laravel-brs-agenda-penomoran/agenda-brs/vendor/laravel/framework/src/Illuminate/Routing/Router.php(821): Illuminate/Pipeline/Pipeline->then(Object(Closure))
#20 C:/Users/raven/Downloads/laravel-brs-agenda-penomoran/agenda-brs/vendor/laravel/framework/src/Illuminate/Routing/Router.php(800): Illuminate/Routing/Router->runRouteWithinStack(Object(Illuminate/Routing/Route), Object(Illuminate/Http/Request))
#21 C:/Users/raven/Downloads/laravel-brs-agenda-penomoran/agenda-brs/vendor/laravel/framework/src/Illuminate/Routing/Router.php(764): Illuminate/Routing/Router->runRoute(Object(Illuminate/Http/Request), Object(Illuminate/Routing/Route))
#22 C:/Users/raven/Downloads/laravel-brs-agenda-penomoran/agenda-brs/vendor/laravel/framework/src/Illuminate/Routing/Router.php(753): Illuminate/Routing/Router->dispatchToRoute(Object(Illuminate/Http/Request))
#23 C:/Users/raven/Downloads/laravel-brs-agenda-penomoran/agenda-brs/vendor/laravel/framework/src/Illuminate/Foundation/Http/Kernel.php(200): Illuminate/Routing/Router->dispatch(Object(Illuminate/Http/Request))
#24 C:/Users/raven/Downloads/laravel-brs-agenda-penomoran/agenda-brs/vendor/laravel/framework/src/Illuminate/Pipeline/Pipeline.php(180): Illuminate/Foundation/Http/Kernel->{closure:Illuminate/Foundation/Http/Kernel::dispatchToRouter():197}(Object(Illuminate/Http/Request))
#25 C:/Users/raven/Downloads/laravel-brs-agenda-penomoran/agenda-brs/vendor/laravel/framework/src/Illuminate/Foundation/Http/Middleware/TransformsRequest.php(21): Illuminate/Pipeline/Pipeline->{closure:Illuminate/Pipeline/Pipeline::prepareDestination():178}(Object(Illuminate/Http/Request))
#26 C:/Users/raven/Downloads/laravel-brs-agenda-penomoran/agenda-brs/vendor/laravel/framework/src/Illuminate/Foundation/Http/Middleware/ConvertEmptyStringsToNull.php(31): Illuminate/Foundation/Http/Middleware/TransformsRequest->handle(Object(Illuminate/Http/Request), Object(Closure))
#27 C:/Users/raven/Downloads/laravel-brs-agenda-penomoran/agenda-brs/vendor/laravel/framework/src/Illuminate/Pipeline/Pipeline.php(219): Illuminate/Foundation/Http/Middleware/ConvertEmptyStringsToNull->handle(Object(Illuminate/Http/Request), Object(Closure))
#28 C:/Users/raven/Downloads/laravel-brs-agenda-penomoran/agenda-brs/vendor/laravel/framework/src/Illuminate/Foundation/Http/Middleware/TransformsRequest.php(21): Illuminate/Pipeline/Pipeline->{closure:{closure:Illuminate/Pipeline/Pipeline::carry():194}:195}(Object(Illuminate/Http/Request))
#29 C:/Users/raven/Downloads/laravel-brs-agenda-penomoran/agenda-brs/vendor/laravel/framework/src/Illuminate/Foundation/Http/Middleware/TrimStrings.php(51): Illuminate/Foundation/Http/Middleware/TransformsRequest->handle(Object(Illuminate/Http/Request), Object(Closure))
#30 C:/Users/raven/Downloads/laravel-brs-agenda-penomoran/agenda-brs/vendor/laravel/framework/src/Illuminate/Pipeline/Pipeline.php(219): Illuminate/Foundation/Http/Middleware/TrimStrings->handle(Object(Illuminate/Http/Request), Object(Closure))
#31 C:/Users/raven/Downloads/laravel-brs-agenda-penomoran/agenda-brs/vendor/laravel/framework/src/Illuminate/Http/Middleware/ValidatePostSize.php(27): Illuminate/Pipeline/Pipeline->{closure:{closure:Illuminate/Pipeline/Pipeline::carry():194}:195}(Object(Illuminate/Http/Request))
#32 C:/Users/raven/Downloads/laravel-brs-agenda-penomoran/agenda-brs/vendor/laravel/framework/src/Illuminate/Pipeline/Pipeline.php(219): Illuminate/Http/Middleware/ValidatePostSize->handle(Object(Illuminate/Http/Request), Object(Closure))
#33 C:/Users/raven/Downloads/laravel-brs-agenda-penomoran/agenda-brs/vendor/laravel/framework/src/Illuminate/Foundation/Http/Middleware/PreventRequestsDuringMaintenance.php(110): Illuminate/Pipeline/Pipeline->{closure:{closure:Illuminate/Pipeline/Pipeline::carry():194}:195}(Object(Illuminate/Http/Request))
#34 C:/Users/raven/Downloads/laravel-brs-agenda-penomoran/agenda-brs/vendor/laravel/framework/src/Illuminate/Pipeline/Pipeline.php(219): Illuminate/Foundation/Http/Middleware/PreventRequestsDuringMaintenance->handle(Object(Illuminate/Http/Request), Object(Closure))
#35 C:/Users/raven/Downloads/laravel-brs-agenda-penomoran/agenda-brs/vendor/laravel/framework/src/Illuminate/Http/Middleware/HandleCors.php(61): Illuminate/Pipeline/Pipeline->{closure:{closure:Illuminate/Pipeline/Pipeline::carry():194}:195}(Object(Illuminate/Http/Request))
#36 C:/Users/raven/Downloads/laravel-brs-agenda-penomoran/agenda-brs/vendor/laravel/framework/src/Illuminate/Pipeline/Pipeline.php(219): Illuminate/Http/Middleware/HandleCors->handle(Object(Illuminate/Http/Request), Object(Closure))
#37 C:/Users/raven/Downloads/laravel-brs-agenda-penomoran/agenda-brs/vendor/laravel/framework/src/Illuminate/Http/Middleware/TrustProxies.php(58): Illuminate/Pipeline/Pipeline->{closure:{closure:Illuminate/Pipeline/Pipeline::carry():194}:195}(Object(Illuminate/Http/Request))
#38 C:/Users/raven/Downloads/laravel-brs-agenda-penomoran/agenda-brs/vendor/laravel/framework/src/Illuminate/Pipeline/Pipeline.php(219): Illuminate/Http/Middleware/TrustProxies->handle(Object(Illuminate/Http/Request), Object(Closure))
#39 C:/Users/raven/Downloads/laravel-brs-agenda-penomoran/agenda-brs/vendor/laravel/framework/src/Illuminate/Foundation/Http/Middleware/InvokeDeferredCallbacks.php(22): Illuminate/Pipeline/Pipeline->{closure:{closure:Illuminate/Pipeline/Pipeline::carry():194}:195}(Object(Illuminate/Http/Request))
#40 C:/Users/raven/Downloads/laravel-brs-agenda-penomoran/agenda-brs/vendor/laravel/framework/src/Illuminate/Pipeline/Pipeline.php(219): Illuminate/Foundation/Http/Middleware/InvokeDeferredCallbacks->handle(Object(Illuminate/Http/Request), Object(Closure))
#41 C:/Users/raven/Downloads/laravel-brs-agenda-penomoran/agenda-brs/vendor/laravel/framework/src/Illuminate/Http/Middleware/ValidatePathEncoding.php(28): Illuminate/Pipeline/Pipeline->{closure:{closure:Illuminate/Pipeline/Pipeline::carry():194}:195}(Object(Illuminate/Http/Request))
#42 C:/Users/raven/Downloads/laravel-brs-agenda-penomoran/agenda-brs/vendor/laravel/framework/src/Illuminate/Pipeline/Pipeline.php(219): Illuminate/Http/Middleware/ValidatePathEncoding->handle(Object(Illuminate/Http/Request), Object(Closure))
#43 C:/Users/raven/Downloads/laravel-brs-agenda-penomoran/agenda-brs/vendor/laravel/framework/src/Illuminate/Pipeline/Pipeline.php(137): Illuminate/Pipeline/Pipeline->{closure:{closure:Illuminate/Pipeline/Pipeline::carry():194}:195}(Object(Illuminate/Http/Request))
#44 C:/Users/raven/Downloads/laravel-brs-agenda-penomoran/agenda-brs/vendor/laravel/framework/src/Illuminate/Foundation/Http/Kernel.php(175): Illuminate/Pipeline/Pipeline->then(Object(Closure))
#45 C:/Users/raven/Downloads/laravel-brs-agenda-penomoran/agenda-brs/vendor/laravel/framework/src/Illuminate/Foundation/Http/Kernel.php(144): Illuminate/Foundation/Http/Kernel->sendRequestThroughRouter(Object(Illuminate/Http/Request))
#46 C:/Users/raven/Downloads/laravel-brs-agenda-penomoran/agenda-brs/vendor/laravel/framework/src/Illuminate/Foundation/Application.php(1227): Illuminate/Foundation/Http/Kernel->handle(Object(Illuminate/Http/Request))
#47 C:/Users/raven/Downloads/laravel-brs-agenda-penomoran/agenda-brs/public/index.php(20): Illuminate/Foundation/Application->handleRequest(Object(Illuminate/Http/Request))
#48 C:/Users/raven/Downloads/laravel-brs-agenda-penomoran/agenda-brs/vendor/laravel/framework/src/Illuminate/Foundation/resources/server.php(23): require_once('C://Users//raven//...')
#49 {main}
"} 
[2026-08-29 09:22:49] local.ERROR: Target class [Database\Seeders\AdminUserSeeder] does not exist. {"exception":"[object] (Illuminate\\Contracts\\Container\\BindingResolutionException(code: 0): Target class [Database\\Seeders\\AdminUserSeeder] does not exist. at C:/Users/raven/Downloads/laravel-brs-agenda-penomoran/agenda brs v3/agenda-brs/vendor/laravel/framework/src/Illuminate/Container/Container.php:1149)
[stacktrace]
#0 C:/Users/raven/Downloads/laravel-brs-agenda-penomoran/agenda brs v3/agenda-brs/vendor/laravel/framework/src/Illuminate/Container/Container.php(939): Illuminate/Container/Container->build('Database//Seeder...')
#1 C:/Users/raven/Downloads/laravel-brs-agenda-penomoran/agenda brs v3/agenda-brs/vendor/laravel/framework/src/Illuminate/Foundation/Application.php(1085): Illuminate/Container/Container->resolve('Database//Seeder...', Array, true)
#2 C:/Users/raven/Downloads/laravel-brs-agenda-penomoran/agenda brs v3/agenda-brs/vendor/laravel/framework/src/Illuminate/Container/Container.php(867): Illuminate/Foundation/Application->resolve('Database//Seeder...', Array)
#3 C:/Users/raven/Downloads/laravel-brs-agenda-penomoran/agenda brs v3/agenda-brs/vendor/laravel/framework/src/Illuminate/Foundation/Application.php(1065): Illuminate/Container/Container->make('Database//Seeder...', Array)
#4 C:/Users/raven/Downloads/laravel-brs-agenda-penomoran/agenda brs v3/agenda-brs/vendor/laravel/framework/src/Illuminate/Database/Seeder.php(129): Illuminate/Foundation/Application->make('Database//Seeder...')
#5 C:/Users/raven/Downloads/laravel-brs-agenda-penomoran/agenda brs v3/agenda-brs/vendor/laravel/framework/src/Illuminate/Database/Seeder.php(48): Illuminate/Database/Seeder->resolve('Database//Seeder...')
#6 C:/Users/raven/Downloads/laravel-brs-agenda-penomoran/agenda brs v3/agenda-brs/database/seeders/DatabaseSeeder.php(11): Illuminate/Database/Seeder->call('Database//Seeder...')
#7 C:/Users/raven/Downloads/laravel-brs-agenda-penomoran/agenda brs v3/agenda-brs/vendor/laravel/framework/src/Illuminate/Container/BoundMethod.php(36): Database/Seeders/DatabaseSeeder->run()
#8 C:/Users/raven/Downloads/laravel-brs-agenda-penomoran/agenda brs v3/agenda-brs/vendor/laravel/framework/src/Illuminate/Container/Util.php(43): Illuminate/Container/BoundMethod::{closure:Illuminate/Container/BoundMethod::call():35}()
#9 C:/Users/raven/Downloads/laravel-brs-agenda-penomoran/agenda brs v3/agenda-brs/vendor/laravel/framework/src/Illuminate/Container/BoundMethod.php(96): Illuminate/Container/Util::unwrapIfClosure(Object(Closure))
#10 C:/Users/raven/Downloads/laravel-brs-agenda-penomoran/agenda brs v3/agenda-brs/vendor/laravel/framework/src/Illuminate/Container/BoundMethod.php(35): Illuminate/Container/BoundMethod::callBoundMethod(Object(Illuminate/Foundation/Application), Array, Object(Closure))
#11 C:/Users/raven/Downloads/laravel-brs-agenda-penomoran/agenda brs v3/agenda-brs/vendor/laravel/framework/src/Illuminate/Container/Container.php(803): Illuminate/Container/BoundMethod::call(Object(Illuminate/Foundation/Application), Array, Array, NULL)
#12 C:/Users/raven/Downloads/laravel-brs-agenda-penomoran/agenda brs v3/agenda-brs/vendor/laravel/framework/src/Illuminate/Database/Seeder.php(184): Illuminate/Container/Container->call(Array, Array)
#13 C:/Users/raven/Downloads/laravel-brs-agenda-penomoran/agenda brs v3/agenda-brs/vendor/laravel/framework/src/Illuminate/Database/Seeder.php(191): Illuminate/Database/Seeder->{closure:Illuminate/Database/Seeder::__invoke():183}()
#14 C:/Users/raven/Downloads/laravel-brs-agenda-penomoran/agenda brs v3/agenda-brs/vendor/laravel/framework/src/Illuminate/Database/Console/Seeds/SeedCommand.php(88): Illuminate/Database/Seeder->__invoke()
#15 C:/Users/raven/Downloads/laravel-brs-agenda-penomoran/agenda brs v3/agenda-brs/vendor/laravel/framework/src/Illuminate/Database/Eloquent/Concerns/GuardsAttributes.php(188): Illuminate/Database/Console/Seeds/SeedCommand->{closure:Illuminate/Database/Console/Seeds/SeedCommand::handle():87}()
#16 C:/Users/raven/Downloads/laravel-brs-agenda-penomoran/agenda brs v3/agenda-brs/vendor/laravel/framework/src/Illuminate/Database/Console/Seeds/SeedCommand.php(87): Illuminate/Database/Eloquent/Model::unguarded(Object(Closure))
#17 C:/Users/raven/Downloads/laravel-brs-agenda-penomoran/agenda brs v3/agenda-brs/vendor/laravel/framework/src/Illuminate/Container/BoundMethod.php(36): Illuminate/Database/Console/Seeds/SeedCommand->handle()
#18 C:/Users/raven/Downloads/laravel-brs-agenda-penomoran/agenda brs v3/agenda-brs/vendor/laravel/framework/src/Illuminate/Container/Util.php(43): Illuminate/Container/BoundMethod::{closure:Illuminate/Container/BoundMethod::call():35}()
#19 C:/Users/raven/Downloads/laravel-brs-agenda-penomoran/agenda brs v3/agenda-brs/vendor/laravel/framework/src/Illuminate/Container/BoundMethod.php(96): Illuminate/Container/Util::unwrapIfClosure(Object(Closure))
#20 C:/Users/raven/Downloads/laravel-brs-agenda-penomoran/agenda brs v3/agenda-brs/vendor/laravel/framework/src/Illuminate/Container/BoundMethod.php(35): Illuminate/Container/BoundMethod::callBoundMethod(Object(Illuminate/Foundation/Application), Array, Object(Closure))
#21 C:/Users/raven/Downloads/laravel-brs-agenda-penomoran/agenda brs v3/agenda-brs/vendor/laravel/framework/src/Illuminate/Container/Container.php(803): Illuminate/Container/BoundMethod::call(Object(Illuminate/Foundation/Application), Array, Array, NULL)
#22 C:/Users/raven/Downloads/laravel-brs-agenda-penomoran/agenda brs v3/agenda-brs/vendor/laravel/framework/src/Illuminate/Console/Command.php(292): Illuminate/Container/Container->call(Array)
#23 C:/Users/raven/Downloads/laravel-brs-agenda-penomoran/agenda brs v3/agenda-brs/vendor/symfony/console/Command/Command.php(284): Illuminate/Console/Command->execute(Object(Symfony/Component/Console/Input/ArrayInput), Object(Illuminate/Console/OutputStyle))
#24 C:/Users/raven/Downloads/laravel-brs-agenda-penomoran/agenda brs v3/agenda-brs/vendor/laravel/framework/src/Illuminate/Console/Command.php(261): Symfony/Component/Console/Command/Command->run(Object(Symfony/Component/Console/Input/ArrayInput), Object(Illuminate/Console/OutputStyle))
#25 C:/Users/raven/Downloads/laravel-brs-agenda-penomoran/agenda brs v3/agenda-brs/vendor/laravel/framework/src/Illuminate/Console/Concerns/CallsCommands.php(68): Illuminate/Console/Command->run(Object(Symfony/Component/Console/Input/ArrayInput), Object(Illuminate/Console/OutputStyle))
#26 C:/Users/raven/Downloads/laravel-brs-agenda-penomoran/agenda brs v3/agenda-brs/vendor/laravel/framework/src/Illuminate/Console/Concerns/CallsCommands.php(29): Illuminate/Console/Command->runCommand('db:seed', Array, Object(Illuminate/Console/OutputStyle))
#27 C:/Users/raven/Downloads/laravel-brs-agenda-penomoran/agenda brs v3/agenda-brs/vendor/laravel/framework/src/Illuminate/Database/Console/Migrations/MigrateCommand.php(127): Illuminate/Console/Command->call('db:seed', Array)
#28 C:/Users/raven/Downloads/laravel-brs-agenda-penomoran/agenda brs v3/agenda-brs/vendor/laravel/framework/src/Illuminate/Database/Migrations/Migrator.php(672): Illuminate/Database/Console/Migrations/MigrateCommand->{closure:Illuminate/Database/Console/Migrations/MigrateCommand::runMigrations():111}()
#29 C:/Users/raven/Downloads/laravel-brs-agenda-penomoran/agenda brs v3/agenda-brs/vendor/laravel/framework/src/Illuminate/Database/Console/Migrations/MigrateCommand.php(111): Illuminate/Database/Migrations/Migrator->usingConnection(NULL, Object(Closure))
#30 C:/Users/raven/Downloads/laravel-brs-agenda-penomoran/agenda brs v3/agenda-brs/vendor/laravel/framework/src/Illuminate/Database/Console/Migrations/MigrateCommand.php(90): Illuminate/Database/Console/Migrations/MigrateCommand->runMigrations()
#31 C:/Users/raven/Downloads/laravel-brs-agenda-penomoran/agenda brs v3/agenda-brs/vendor/laravel/framework/src/Illuminate/Container/BoundMethod.php(36): Illuminate/Database/Console/Migrations/MigrateCommand->handle()
#32 C:/Users/raven/Downloads/laravel-brs-agenda-penomoran/agenda brs v3/agenda-brs/vendor/laravel/framework/src/Illuminate/Container/Util.php(43): Illuminate/Container/BoundMethod::{closure:Illuminate/Container/BoundMethod::call():35}()
#33 C:/Users/raven/Downloads/laravel-brs-agenda-penomoran/agenda brs v3/agenda-brs/vendor/laravel/framework/src/Illuminate/Container/BoundMethod.php(96): Illuminate/Container/Util::unwrapIfClosure(Object(Closure))
#34 C:/Users/raven/Downloads/laravel-brs-agenda-penomoran/agenda brs v3/agenda-brs/vendor/laravel/framework/src/Illuminate/Container/BoundMethod.php(35): Illuminate/Container/BoundMethod::callBoundMethod(Object(Illuminate/Foundation/Application), Array, Object(Closure))
#35 C:/Users/raven/Downloads/laravel-brs-agenda-penomoran/agenda brs v3/agenda-brs/vendor/laravel/framework/src/Illuminate/Container/Container.php(803): Illuminate/Container/BoundMethod::call(Object(Illuminate/Foundation/Application), Array, Array, NULL)
#36 C:/Users/raven/Downloads/laravel-brs-agenda-penomoran/agenda brs v3/agenda-brs/vendor/laravel/framework/src/Illuminate/Console/Command.php(292): Illuminate/Container/Container->call(Array)
#37 C:/Users/raven/Downloads/laravel-brs-agenda-penomoran/agenda brs v3/agenda-brs/vendor/symfony/console/Command/Command.php(284): Illuminate/Console/Command->execute(Object(Symfony/Component/Console/Input/ArgvInput), Object(Illuminate/Console/OutputStyle))
#38 C:/Users/raven/Downloads/laravel-brs-agenda-penomoran/agenda brs v3/agenda-brs/vendor/laravel/framework/src/Illuminate/Console/Command.php(261): Symfony/Component/Console/Command/Command->run(Object(Symfony/Component/Console/Input/ArgvInput), Object(Illuminate/Console/OutputStyle))
#39 C:/Users/raven/Downloads/laravel-brs-agenda-penomoran/agenda brs v3/agenda-brs/vendor/symfony/console/Application.php(1144): Illuminate/Console/Command->run(Object(Symfony/Component/Console/Input/ArgvInput), Object(Symfony/Component/Console/Output/ConsoleOutput))
#40 C:/Users/raven/Downloads/laravel-brs-agenda-penomoran/agenda brs v3/agenda-brs/vendor/symfony/console/Application.php(379): Symfony/Component/Console/Application->doRunCommand(Object(Illuminate/Database/Console/Migrations/MigrateCommand), Object(Symfony/Component/Console/Input/ArgvInput), Object(Symfony/Component/Console/Output/ConsoleOutput))
#41 C:/Users/raven/Downloads/laravel-brs-agenda-penomoran/agenda brs v3/agenda-brs/vendor/symfony/console/Application.php(218): Symfony/Component/Console/Application->doRun(Object(Symfony/Component/Console/Input/ArgvInput), Object(Symfony/Component/Console/Output/ConsoleOutput))
#42 C:/Users/raven/Downloads/laravel-brs-agenda-penomoran/agenda brs v3/agenda-brs/vendor/laravel/framework/src/Illuminate/Foundation/Console/Kernel.php(198): Symfony/Component/Console/Application->run(Object(Symfony/Component/Console/Input/ArgvInput), Object(Symfony/Component/Console/Output/ConsoleOutput))
#43 C:/Users/raven/Downloads/laravel-brs-agenda-penomoran/agenda brs v3/agenda-brs/vendor/laravel/framework/src/Illuminate/Foundation/Application.php(1242): Illuminate/Foundation/Console/Kernel->handle(Object(Symfony/Component/Console/Input/ArgvInput), Object(Symfony/Component/Console/Output/ConsoleOutput))
#44 C:/Users/raven/Downloads/laravel-brs-agenda-penomoran/agenda brs v3/agenda-brs/artisan(16): Illuminate/Foundation/Application->handleCommand(Object(Symfony/Component/Console/Input/ArgvInput))
#45 {main}

[previous exception] [object] (ReflectionException(code: -1): Class \"Database\\Seeders\\AdminUserSeeder\" does not exist at C:/Users/raven/Downloads/laravel-brs-agenda-penomoran/agenda brs v3/agenda-brs/vendor/laravel/framework/src/Illuminate/Container/Container.php:1147)
[stacktrace]
#0 C:/Users/raven/Downloads/laravel-brs-agenda-penomoran/agenda brs v3/agenda-brs/vendor/laravel/framework/src/Illuminate/Container/Container.php(1147): ReflectionClass->__construct('Database//Seeder...')
#1 C:/Users/raven/Downloads/laravel-brs-agenda-penomoran/agenda brs v3/agenda-brs/vendor/laravel/framework/src/Illuminate/Container/Container.php(939): Illuminate/Container/Container->build('Database//Seeder...')
#2 C:/Users/raven/Downloads/laravel-brs-agenda-penomoran/agenda brs v3/agenda-brs/vendor/laravel/framework/src/Illuminate/Foundation/Application.php(1085): Illuminate/Container/Container->resolve('Database//Seeder...', Array, true)
#3 C:/Users/raven/Downloads/laravel-brs-agenda-penomoran/agenda brs v3/agenda-brs/vendor/laravel/framework/src/Illuminate/Container/Container.php(867): Illuminate/Foundation/Application->resolve('Database//Seeder...', Array)
#4 C:/Users/raven/Downloads/laravel-brs-agenda-penomoran/agenda brs v3/agenda-brs/vendor/laravel/framework/src/Illuminate/Foundation/Application.php(1065): Illuminate/Container/Container->make('Database//Seeder...', Array)
#5 C:/Users/raven/Downloads/laravel-brs-agenda-penomoran/agenda brs v3/agenda-brs/vendor/laravel/framework/src/Illuminate/Database/Seeder.php(129): Illuminate/Foundation/Application->make('Database//Seeder...')
#6 C:/Users/raven/Downloads/laravel-brs-agenda-penomoran/agenda brs v3/agenda-brs/vendor/laravel/framework/src/Illuminate/Database/Seeder.php(48): Illuminate/Database/Seeder->resolve('Database//Seeder...')
#7 C:/Users/raven/Downloads/laravel-brs-agenda-penomoran/agenda brs v3/agenda-brs/database/seeders/DatabaseSeeder.php(11): Illuminate/Database/Seeder->call('Database//Seeder...')
#8 C:/Users/raven/Downloads/laravel-brs-agenda-penomoran/agenda brs v3/agenda-brs/vendor/laravel/framework/src/Illuminate/Container/BoundMethod.php(36): Database/Seeders/DatabaseSeeder->run()
#9 C:/Users/raven/Downloads/laravel-brs-agenda-penomoran/agenda brs v3/agenda-brs/vendor/laravel/framework/src/Illuminate/Container/Util.php(43): Illuminate/Container/BoundMethod::{closure:Illuminate/Container/BoundMethod::call():35}()
#10 C:/Users/raven/Downloads/laravel-brs-agenda-penomoran/agenda brs v3/agenda-brs/vendor/laravel/framework/src/Illuminate/Container/BoundMethod.php(96): Illuminate/Container/Util::unwrapIfClosure(Object(Closure))
#11 C:/Users/raven/Downloads/laravel-brs-agenda-penomoran/agenda brs v3/agenda-brs/vendor/laravel/framework/src/Illuminate/Container/BoundMethod.php(35): Illuminate/Container/BoundMethod::callBoundMethod(Object(Illuminate/Foundation/Application), Array, Object(Closure))
#12 C:/Users/raven/Downloads/laravel-brs-agenda-penomoran/agenda brs v3/agenda-brs/vendor/laravel/framework/src/Illuminate/Container/Container.php(803): Illuminate/Container/BoundMethod::call(Object(Illuminate/Foundation/Application), Array, Array, NULL)
#13 C:/Users/raven/Downloads/laravel-brs-agenda-penomoran/agenda brs v3/agenda-brs/vendor/laravel/framework/src/Illuminate/Database/Seeder.php(184): Illuminate/Container/Container->call(Array, Array)
#14 C:/Users/raven/Downloads/laravel-brs-agenda-penomoran/agenda brs v3/agenda-brs/vendor/laravel/framework/src/Illuminate/Database/Seeder.php(191): Illuminate/Database/Seeder->{closure:Illuminate/Database/Seeder::__invoke():183}()
#15 C:/Users/raven/Downloads/laravel-brs-agenda-penomoran/agenda brs v3/agenda-brs/vendor/laravel/framework/src/Illuminate/Database/Console/Seeds/SeedCommand.php(88): Illuminate/Database/Seeder->__invoke()
#16 C:/Users/raven/Downloads/laravel-brs-agenda-penomoran/agenda brs v3/agenda-brs/vendor/laravel/framework/src/Illuminate/Database/Eloquent/Concerns/GuardsAttributes.php(188): Illuminate/Database/Console/Seeds/SeedCommand->{closure:Illuminate/Database/Console/Seeds/SeedCommand::handle():87}()
#17 C:/Users/raven/Downloads/laravel-brs-agenda-penomoran/agenda brs v3/agenda-brs/vendor/laravel/framework/src/Illuminate/Database/Console/Seeds/SeedCommand.php(87): Illuminate/Database/Eloquent/Model::unguarded(Object(Closure))
#18 C:/Users/raven/Downloads/laravel-brs-agenda-penomoran/agenda brs v3/agenda-brs/vendor/laravel/framework/src/Illuminate/Container/BoundMethod.php(36): Illuminate/Database/Console/Seeds/SeedCommand->handle()
#19 C:/Users/raven/Downloads/laravel-brs-agenda-penomoran/agenda brs v3/agenda-brs/vendor/laravel/framework/src/Illuminate/Container/Util.php(43): Illuminate/Container/BoundMethod::{closure:Illuminate/Container/BoundMethod::call():35}()
#20 C:/Users/raven/Downloads/laravel-brs-agenda-penomoran/agenda brs v3/agenda-brs/vendor/laravel/framework/src/Illuminate/Container/BoundMethod.php(96): Illuminate/Container/Util::unwrapIfClosure(Object(Closure))
#21 C:/Users/raven/Downloads/laravel-brs-agenda-penomoran/agenda brs v3/agenda-brs/vendor/laravel/framework/src/Illuminate/Container/BoundMethod.php(35): Illuminate/Container/BoundMethod::callBoundMethod(Object(Illuminate/Foundation/Application), Array, Object(Closure))
#22 C:/Users/raven/Downloads/laravel-brs-agenda-penomoran/agenda brs v3/agenda-brs/vendor/laravel/framework/src/Illuminate/Container/Container.php(803): Illuminate/Container/BoundMethod::call(Object(Illuminate/Foundation/Application), Array, Array, NULL)
#23 C:/Users/raven/Downloads/laravel-brs-agenda-penomoran/agenda brs v3/agenda-brs/vendor/laravel/framework/src/Illuminate/Console/Command.php(292): Illuminate/Container/Container->call(Array)
#24 C:/Users/raven/Downloads/laravel-brs-agenda-penomoran/agenda brs v3/agenda-brs/vendor/symfony/console/Command/Command.php(284): Illuminate/Console/Command->execute(Object(Symfony/Component/Console/Input/ArrayInput), Object(Illuminate/Console/OutputStyle))
#25 C:/Users/raven/Downloads/laravel-brs-agenda-penomoran/agenda brs v3/agenda-brs/vendor/laravel/framework/src/Illuminate/Console/Command.php(261): Symfony/Component/Console/Command/Command->run(Object(Symfony/Component/Console/Input/ArrayInput), Object(Illuminate/Console/OutputStyle))
#26 C:/Users/raven/Downloads/laravel-brs-agenda-penomoran/agenda brs v3/agenda-brs/vendor/laravel/framework/src/Illuminate/Console/Concerns/CallsCommands.php(68): Illuminate/Console/Command->run(Object(Symfony/Component/Console/Input/ArrayInput), Object(Illuminate/Console/OutputStyle))
#27 C:/Users/raven/Downloads/laravel-brs-agenda-penomoran/agenda brs v3/agenda-brs/vendor/laravel/framework/src/Illuminate/Console/Concerns/CallsCommands.php(29): Illuminate/Console/Command->runCommand('db:seed', Array, Object(Illuminate/Console/OutputStyle))
#28 C:/Users/raven/Downloads/laravel-brs-agenda-penomoran/agenda brs v3/agenda-brs/vendor/laravel/framework/src/Illuminate/Database/Console/Migrations/MigrateCommand.php(127): Illuminate/Console/Command->call('db:seed', Array)
#29 C:/Users/raven/Downloads/laravel-brs-agenda-penomoran/agenda brs v3/agenda-brs/vendor/laravel/framework/src/Illuminate/Database/Migrations/Migrator.php(672): Illuminate/Database/Console/Migrations/MigrateCommand->{closure:Illuminate/Database/Console/Migrations/MigrateCommand::runMigrations():111}()
#30 C:/Users/raven/Downloads/laravel-brs-agenda-penomoran/agenda brs v3/agenda-brs/vendor/laravel/framework/src/Illuminate/Database/Console/Migrations/MigrateCommand.php(111): Illuminate/Database/Migrations/Migrator->usingConnection(NULL, Object(Closure))
#31 C:/Users/raven/Downloads/laravel-brs-agenda-penomoran/agenda brs v3/agenda-brs/vendor/laravel/framework/src/Illuminate/Database/Console/Migrations/MigrateCommand.php(90): Illuminate/Database/Console/Migrations/MigrateCommand->runMigrations()
#32 C:/Users/raven/Downloads/laravel-brs-agenda-penomoran/agenda brs v3/agenda-brs/vendor/laravel/framework/src/Illuminate/Container/BoundMethod.php(36): Illuminate/Database/Console/Migrations/MigrateCommand->handle()
#33 C:/Users/raven/Downloads/laravel-brs-agenda-penomoran/agenda brs v3/agenda-brs/vendor/laravel/framework/src/Illuminate/Container/Util.php(43): Illuminate/Container/BoundMethod::{closure:Illuminate/Container/BoundMethod::call():35}()
#34 C:/Users/raven/Downloads/laravel-brs-agenda-penomoran/agenda brs v3/agenda-brs/vendor/laravel/framework/src/Illuminate/Container/BoundMethod.php(96): Illuminate/Container/Util::unwrapIfClosure(Object(Closure))
#35 C:/Users/raven/Downloads/laravel-brs-agenda-penomoran/agenda brs v3/agenda-brs/vendor/laravel/framework/src/Illuminate/Container/BoundMethod.php(35): Illuminate/Container/BoundMethod::callBoundMethod(Object(Illuminate/Foundation/Application), Array, Object(Closure))
#36 C:/Users/raven/Downloads/laravel-brs-agenda-penomoran/agenda brs v3/agenda-brs/vendor/laravel/framework/src/Illuminate/Container/Container.php(803): Illuminate/Container/BoundMethod::call(Object(Illuminate/Foundation/Application), Array, Array, NULL)
#37 C:/Users/raven/Downloads/laravel-brs-agenda-penomoran/agenda brs v3/agenda-brs/vendor/laravel/framework/src/Illuminate/Console/Command.php(292): Illuminate/Container/Container->call(Array)
#38 C:/Users/raven/Downloads/laravel-brs-agenda-penomoran/agenda brs v3/agenda-brs/vendor/symfony/console/Command/Command.php(284): Illuminate/Console/Command->execute(Object(Symfony/Component/Console/Input/ArgvInput), Object(Illuminate/Console/OutputStyle))
#39 C:/Users/raven/Downloads/laravel-brs-agenda-penomoran/agenda brs v3/agenda-brs/vendor/laravel/framework/src/Illuminate/Console/Command.php(261): Symfony/Component/Console/Command/Command->run(Object(Symfony/Component/Console/Input/ArgvInput), Object(Illuminate/Console/OutputStyle))
#40 C:/Users/raven/Downloads/laravel-brs-agenda-penomoran/agenda brs v3/agenda-brs/vendor/symfony/console/Application.php(1144): Illuminate/Console/Command->run(Object(Symfony/Component/Console/Input/ArgvInput), Object(Symfony/Component/Console/Output/ConsoleOutput))
#41 C:/Users/raven/Downloads/laravel-brs-agenda-penomoran/agenda brs v3/agenda-brs/vendor/symfony/console/Application.php(379): Symfony/Component/Console/Application->doRunCommand(Object(Illuminate/Database/Console/Migrations/MigrateCommand), Object(Symfony/Component/Console/Input/ArgvInput), Object(Symfony/Component/Console/Output/ConsoleOutput))
#42 C:/Users/raven/Downloads/laravel-brs-agenda-penomoran/agenda brs v3/agenda-brs/vendor/symfony/console/Application.php(218): Symfony/Component/Console/Application->doRun(Object(Symfony/Component/Console/Input/ArgvInput), Object(Symfony/Component/Console/Output/ConsoleOutput))
#43 C:/Users/raven/Downloads/laravel-brs-agenda-penomoran/agenda brs v3/agenda-brs/vendor/laravel/framework/src/Illuminate/Foundation/Console/Kernel.php(198): Symfony/Component/Console/Application->run(Object(Symfony/Component/Console/Input/ArgvInput), Object(Symfony/Component/Console/Output/ConsoleOutput))
#44 C:/Users/raven/Downloads/laravel-brs-agenda-penomoran/agenda brs v3/agenda-brs/vendor/laravel/framework/src/Illuminate/Foundation/Application.php(1242): Illuminate/Foundation/Console/Kernel->handle(Object(Symfony/Component/Console/Input/ArgvInput), Object(Symfony/Component/Console/Output/ConsoleOutput))
#45 C:/Users/raven/Downloads/laravel-brs-agenda-penomoran/agenda brs v3/agenda-brs/artisan(16): Illuminate/Foundation/Application->handleCommand(Object(Symfony/Component/Console/Input/ArgvInput))
#46 {main}
"} 
[2026-08-29 09:23:47] local.ERROR: Target class [Database\Seeders\AdminUserSeeder] does not exist. {"exception":"[object] (Illuminate\\Contracts\\Container\\BindingResolutionException(code: 0): Target class [Database\\Seeders\\AdminUserSeeder] does not exist. at C:/Users/raven/Downloads/laravel-brs-agenda-penomoran/agenda brs v3/agenda-brs/vendor/laravel/framework/src/Illuminate/Container/Container.php:1149)
[stacktrace]
#0 C:/Users/raven/Downloads/laravel-brs-agenda-penomoran/agenda brs v3/agenda-brs/vendor/laravel/framework/src/Illuminate/Container/Container.php(939): Illuminate/Container/Container->build('Database//Seeder...')
#1 C:/Users/raven/Downloads/laravel-brs-agenda-penomoran/agenda brs v3/agenda-brs/vendor/laravel/framework/src/Illuminate/Foundation/Application.php(1085): Illuminate/Container/Container->resolve('Database//Seeder...', Array, true)
#2 C:/Users/raven/Downloads/laravel-brs-agenda-penomoran/agenda brs v3/agenda-brs/vendor/laravel/framework/src/Illuminate/Container/Container.php(867): Illuminate/Foundation/Application->resolve('Database//Seeder...', Array)
#3 C:/Users/raven/Downloads/laravel-brs-agenda-penomoran/agenda brs v3/agenda-brs/vendor/laravel/framework/src/Illuminate/Foundation/Application.php(1065): Illuminate/Container/Container->make('Database//Seeder...', Array)
#4 C:/Users/raven/Downloads/laravel-brs-agenda-penomoran/agenda brs v3/agenda-brs/vendor/laravel/framework/src/Illuminate/Database/Seeder.php(129): Illuminate/Foundation/Application->make('Database//Seeder...')
#5 C:/Users/raven/Downloads/laravel-brs-agenda-penomoran/agenda brs v3/agenda-brs/vendor/laravel/framework/src/Illuminate/Database/Seeder.php(48): Illuminate/Database/Seeder->resolve('Database//Seeder...')
#6 C:/Users/raven/Downloads/laravel-brs-agenda-penomoran/agenda brs v3/agenda-brs/database/seeders/DatabaseSeeder.php(11): Illuminate/Database/Seeder->call('Database//Seeder...')
#7 C:/Users/raven/Downloads/laravel-brs-agenda-penomoran/agenda brs v3/agenda-brs/vendor/laravel/framework/src/Illuminate/Container/BoundMethod.php(36): Database/Seeders/DatabaseSeeder->run()
#8 C:/Users/raven/Downloads/laravel-brs-agenda-penomoran/agenda brs v3/agenda-brs/vendor/laravel/framework/src/Illuminate/Container/Util.php(43): Illuminate/Container/BoundMethod::{closure:Illuminate/Container/BoundMethod::call():35}()
#9 C:/Users/raven/Downloads/laravel-brs-agenda-penomoran/agenda brs v3/agenda-brs/vendor/laravel/framework/src/Illuminate/Container/BoundMethod.php(96): Illuminate/Container/Util::unwrapIfClosure(Object(Closure))
#10 C:/Users/raven/Downloads/laravel-brs-agenda-penomoran/agenda brs v3/agenda-brs/vendor/laravel/framework/src/Illuminate/Container/BoundMethod.php(35): Illuminate/Container/BoundMethod::callBoundMethod(Object(Illuminate/Foundation/Application), Array, Object(Closure))
#11 C:/Users/raven/Downloads/laravel-brs-agenda-penomoran/agenda brs v3/agenda-brs/vendor/laravel/framework/src/Illuminate/Container/Container.php(803): Illuminate/Container/BoundMethod::call(Object(Illuminate/Foundation/Application), Array, Array, NULL)
#12 C:/Users/raven/Downloads/laravel-brs-agenda-penomoran/agenda brs v3/agenda-brs/vendor/laravel/framework/src/Illuminate/Database/Seeder.php(184): Illuminate/Container/Container->call(Array, Array)
#13 C:/Users/raven/Downloads/laravel-brs-agenda-penomoran/agenda brs v3/agenda-brs/vendor/laravel/framework/src/Illuminate/Database/Seeder.php(191): Illuminate/Database/Seeder->{closure:Illuminate/Database/Seeder::__invoke():183}()
#14 C:/Users/raven/Downloads/laravel-brs-agenda-penomoran/agenda brs v3/agenda-brs/vendor/laravel/framework/src/Illuminate/Database/Console/Seeds/SeedCommand.php(88): Illuminate/Database/Seeder->__invoke()
#15 C:/Users/raven/Downloads/laravel-brs-agenda-penomoran/agenda brs v3/agenda-brs/vendor/laravel/framework/src/Illuminate/Database/Eloquent/Concerns/GuardsAttributes.php(188): Illuminate/Database/Console/Seeds/SeedCommand->{closure:Illuminate/Database/Console/Seeds/SeedCommand::handle():87}()
#16 C:/Users/raven/Downloads/laravel-brs-agenda-penomoran/agenda brs v3/agenda-brs/vendor/laravel/framework/src/Illuminate/Database/Console/Seeds/SeedCommand.php(87): Illuminate/Database/Eloquent/Model::unguarded(Object(Closure))
#17 C:/Users/raven/Downloads/laravel-brs-agenda-penomoran/agenda brs v3/agenda-brs/vendor/laravel/framework/src/Illuminate/Container/BoundMethod.php(36): Illuminate/Database/Console/Seeds/SeedCommand->handle()
#18 C:/Users/raven/Downloads/laravel-brs-agenda-penomoran/agenda brs v3/agenda-brs/vendor/laravel/framework/src/Illuminate/Container/Util.php(43): Illuminate/Container/BoundMethod::{closure:Illuminate/Container/BoundMethod::call():35}()
#19 C:/Users/raven/Downloads/laravel-brs-agenda-penomoran/agenda brs v3/agenda-brs/vendor/laravel/framework/src/Illuminate/Container/BoundMethod.php(96): Illuminate/Container/Util::unwrapIfClosure(Object(Closure))
#20 C:/Users/raven/Downloads/laravel-brs-agenda-penomoran/agenda brs v3/agenda-brs/vendor/laravel/framework/src/Illuminate/Container/BoundMethod.php(35): Illuminate/Container/BoundMethod::callBoundMethod(Object(Illuminate/Foundation/Application), Array, Object(Closure))
#21 C:/Users/raven/Downloads/laravel-brs-agenda-penomoran/agenda brs v3/agenda-brs/vendor/laravel/framework/src/Illuminate/Container/Container.php(803): Illuminate/Container/BoundMethod::call(Object(Illuminate/Foundation/Application), Array, Array, NULL)
#22 C:/Users/raven/Downloads/laravel-brs-agenda-penomoran/agenda brs v3/agenda-brs/vendor/laravel/framework/src/Illuminate/Console/Command.php(292): Illuminate/Container/Container->call(Array)
#23 C:/Users/raven/Downloads/laravel-brs-agenda-penomoran/agenda brs v3/agenda-brs/vendor/symfony/console/Command/Command.php(284): Illuminate/Console/Command->execute(Object(Symfony/Component/Console/Input/ArrayInput), Object(Illuminate/Console/OutputStyle))
#24 C:/Users/raven/Downloads/laravel-brs-agenda-penomoran/agenda brs v3/agenda-brs/vendor/laravel/framework/src/Illuminate/Console/Command.php(261): Symfony/Component/Console/Command/Command->run(Object(Symfony/Component/Console/Input/ArrayInput), Object(Illuminate/Console/OutputStyle))
#25 C:/Users/raven/Downloads/laravel-brs-agenda-penomoran/agenda brs v3/agenda-brs/vendor/laravel/framework/src/Illuminate/Console/Concerns/CallsCommands.php(68): Illuminate/Console/Command->run(Object(Symfony/Component/Console/Input/ArrayInput), Object(Illuminate/Console/OutputStyle))
#26 C:/Users/raven/Downloads/laravel-brs-agenda-penomoran/agenda brs v3/agenda-brs/vendor/laravel/framework/src/Illuminate/Console/Concerns/CallsCommands.php(29): Illuminate/Console/Command->runCommand('db:seed', Array, Object(Illuminate/Console/OutputStyle))
#27 C:/Users/raven/Downloads/laravel-brs-agenda-penomoran/agenda brs v3/agenda-brs/vendor/laravel/framework/src/Illuminate/Database/Console/Migrations/MigrateCommand.php(127): Illuminate/Console/Command->call('db:seed', Array)
#28 C:/Users/raven/Downloads/laravel-brs-agenda-penomoran/agenda brs v3/agenda-brs/vendor/laravel/framework/src/Illuminate/Database/Migrations/Migrator.php(672): Illuminate/Database/Console/Migrations/MigrateCommand->{closure:Illuminate/Database/Console/Migrations/MigrateCommand::runMigrations():111}()
#29 C:/Users/raven/Downloads/laravel-brs-agenda-penomoran/agenda brs v3/agenda-brs/vendor/laravel/framework/src/Illuminate/Database/Console/Migrations/MigrateCommand.php(111): Illuminate/Database/Migrations/Migrator->usingConnection(NULL, Object(Closure))
#30 C:/Users/raven/Downloads/laravel-brs-agenda-penomoran/agenda brs v3/agenda-brs/vendor/laravel/framework/src/Illuminate/Database/Console/Migrations/MigrateCommand.php(90): Illuminate/Database/Console/Migrations/MigrateCommand->runMigrations()
#31 C:/Users/raven/Downloads/laravel-brs-agenda-penomoran/agenda brs v3/agenda-brs/vendor/laravel/framework/src/Illuminate/Container/BoundMethod.php(36): Illuminate/Database/Console/Migrations/MigrateCommand->handle()
#32 C:/Users/raven/Downloads/laravel-brs-agenda-penomoran/agenda brs v3/agenda-brs/vendor/laravel/framework/src/Illuminate/Container/Util.php(43): Illuminate/Container/BoundMethod::{closure:Illuminate/Container/BoundMethod::call():35}()
#33 C:/Users/raven/Downloads/laravel-brs-agenda-penomoran/agenda brs v3/agenda-brs/vendor/laravel/framework/src/Illuminate/Container/BoundMethod.php(96): Illuminate/Container/Util::unwrapIfClosure(Object(Closure))
#34 C:/Users/raven/Downloads/laravel-brs-agenda-penomoran/agenda brs v3/agenda-brs/vendor/laravel/framework/src/Illuminate/Container/BoundMethod.php(35): Illuminate/Container/BoundMethod::callBoundMethod(Object(Illuminate/Foundation/Application), Array, Object(Closure))
#35 C:/Users/raven/Downloads/laravel-brs-agenda-penomoran/agenda brs v3/agenda-brs/vendor/laravel/framework/src/Illuminate/Container/Container.php(803): Illuminate/Container/BoundMethod::call(Object(Illuminate/Foundation/Application), Array, Array, NULL)
#36 C:/Users/raven/Downloads/laravel-brs-agenda-penomoran/agenda brs v3/agenda-brs/vendor/laravel/framework/src/Illuminate/Console/Command.php(292): Illuminate/Container/Container->call(Array)
#37 C:/Users/raven/Downloads/laravel-brs-agenda-penomoran/agenda brs v3/agenda-brs/vendor/symfony/console/Command/Command.php(284): Illuminate/Console/Command->execute(Object(Symfony/Component/Console/Input/ArgvInput), Object(Illuminate/Console/OutputStyle))
#38 C:/Users/raven/Downloads/laravel-brs-agenda-penomoran/agenda brs v3/agenda-brs/vendor/laravel/framework/src/Illuminate/Console/Command.php(261): Symfony/Component/Console/Command/Command->run(Object(Symfony/Component/Console/Input/ArgvInput), Object(Illuminate/Console/OutputStyle))
#39 C:/Users/raven/Downloads/laravel-brs-agenda-penomoran/agenda brs v3/agenda-brs/vendor/symfony/console/Application.php(1144): Illuminate/Console/Command->run(Object(Symfony/Component/Console/Input/ArgvInput), Object(Symfony/Component/Console/Output/ConsoleOutput))
#40 C:/Users/raven/Downloads/laravel-brs-agenda-penomoran/agenda brs v3/agenda-brs/vendor/symfony/console/Application.php(379): Symfony/Component/Console/Application->doRunCommand(Object(Illuminate/Database/Console/Migrations/MigrateCommand), Object(Symfony/Component/Console/Input/ArgvInput), Object(Symfony/Component/Console/Output/ConsoleOutput))
#41 C:/Users/raven/Downloads/laravel-brs-agenda-penomoran/agenda brs v3/agenda-brs/vendor/symfony/console/Application.php(218): Symfony/Component/Console/Application->doRun(Object(Symfony/Component/Console/Input/ArgvInput), Object(Symfony/Component/Console/Output/ConsoleOutput))
#42 C:/Users/raven/Downloads/laravel-brs-agenda-penomoran/agenda brs v3/agenda-brs/vendor/laravel/framework/src/Illuminate/Foundation/Console/Kernel.php(198): Symfony/Component/Console/Application->run(Object(Symfony/Component/Console/Input/ArgvInput), Object(Symfony/Component/Console/Output/ConsoleOutput))
#43 C:/Users/raven/Downloads/laravel-brs-agenda-penomoran/agenda brs v3/agenda-brs/vendor/laravel/framework/src/Illuminate/Foundation/Application.php(1242): Illuminate/Foundation/Console/Kernel->handle(Object(Symfony/Component/Console/Input/ArgvInput), Object(Symfony/Component/Console/Output/ConsoleOutput))
#44 C:/Users/raven/Downloads/laravel-brs-agenda-penomoran/agenda brs v3/agenda-brs/artisan(16): Illuminate/Foundation/Application->handleCommand(Object(Symfony/Component/Console/Input/ArgvInput))
#45 {main}

[previous exception] [object] (ReflectionException(code: -1): Class \"Database\\Seeders\\AdminUserSeeder\" does not exist at C:/Users/raven/Downloads/laravel-brs-agenda-penomoran/agenda brs v3/agenda-brs/vendor/laravel/framework/src/Illuminate/Container/Container.php:1147)
[stacktrace]
#0 C:/Users/raven/Downloads/laravel-brs-agenda-penomoran/agenda brs v3/agenda-brs/vendor/laravel/framework/src/Illuminate/Container/Container.php(1147): ReflectionClass->__construct('Database//Seeder...')
#1 C:/Users/raven/Downloads/laravel-brs-agenda-penomoran/agenda brs v3/agenda-brs/vendor/laravel/framework/src/Illuminate/Container/Container.php(939): Illuminate/Container/Container->build('Database//Seeder...')
#2 C:/Users/raven/Downloads/laravel-brs-agenda-penomoran/agenda brs v3/agenda-brs/vendor/laravel/framework/src/Illuminate/Foundation/Application.php(1085): Illuminate/Container/Container->resolve('Database//Seeder...', Array, true)
#3 C:/Users/raven/Downloads/laravel-brs-agenda-penomoran/agenda brs v3/agenda-brs/vendor/laravel/framework/src/Illuminate/Container/Container.php(867): Illuminate/Foundation/Application->resolve('Database//Seeder...', Array)
#4 C:/Users/raven/Downloads/laravel-brs-agenda-penomoran/agenda brs v3/agenda-brs/vendor/laravel/framework/src/Illuminate/Foundation/Application.php(1065): Illuminate/Container/Container->make('Database//Seeder...', Array)
#5 C:/Users/raven/Downloads/laravel-brs-agenda-penomoran/agenda brs v3/agenda-brs/vendor/laravel/framework/src/Illuminate/Database/Seeder.php(129): Illuminate/Foundation/Application->make('Database//Seeder...')
#6 C:/Users/raven/Downloads/laravel-brs-agenda-penomoran/agenda brs v3/agenda-brs/vendor/laravel/framework/src/Illuminate/Database/Seeder.php(48): Illuminate/Database/Seeder->resolve('Database//Seeder...')
#7 C:/Users/raven/Downloads/laravel-brs-agenda-penomoran/agenda brs v3/agenda-brs/database/seeders/DatabaseSeeder.php(11): Illuminate/Database/Seeder->call('Database//Seeder...')
#8 C:/Users/raven/Downloads/laravel-brs-agenda-penomoran/agenda brs v3/agenda-brs/vendor/laravel/framework/src/Illuminate/Container/BoundMethod.php(36): Database/Seeders/DatabaseSeeder->run()
#9 C:/Users/raven/Downloads/laravel-brs-agenda-penomoran/agenda brs v3/agenda-brs/vendor/laravel/framework/src/Illuminate/Container/Util.php(43): Illuminate/Container/BoundMethod::{closure:Illuminate/Container/BoundMethod::call():35}()
#10 C:/Users/raven/Downloads/laravel-brs-agenda-penomoran/agenda brs v3/agenda-brs/vendor/laravel/framework/src/Illuminate/Container/BoundMethod.php(96): Illuminate/Container/Util::unwrapIfClosure(Object(Closure))
#11 C:/Users/raven/Downloads/laravel-brs-agenda-penomoran/agenda brs v3/agenda-brs/vendor/laravel/framework/src/Illuminate/Container/BoundMethod.php(35): Illuminate/Container/BoundMethod::callBoundMethod(Object(Illuminate/Foundation/Application), Array, Object(Closure))
#12 C:/Users/raven/Downloads/laravel-brs-agenda-penomoran/agenda brs v3/agenda-brs/vendor/laravel/framework/src/Illuminate/Container/Container.php(803): Illuminate/Container/BoundMethod::call(Object(Illuminate/Foundation/Application), Array, Array, NULL)
#13 C:/Users/raven/Downloads/laravel-brs-agenda-penomoran/agenda brs v3/agenda-brs/vendor/laravel/framework/src/Illuminate/Database/Seeder.php(184): Illuminate/Container/Container->call(Array, Array)
#14 C:/Users/raven/Downloads/laravel-brs-agenda-penomoran/agenda brs v3/agenda-brs/vendor/laravel/framework/src/Illuminate/Database/Seeder.php(191): Illuminate/Database/Seeder->{closure:Illuminate/Database/Seeder::__invoke():183}()
#15 C:/Users/raven/Downloads/laravel-brs-agenda-penomoran/agenda brs v3/agenda-brs/vendor/laravel/framework/src/Illuminate/Database/Console/Seeds/SeedCommand.php(88): Illuminate/Database/Seeder->__invoke()
#16 C:/Users/raven/Downloads/laravel-brs-agenda-penomoran/agenda brs v3/agenda-brs/vendor/laravel/framework/src/Illuminate/Database/Eloquent/Concerns/GuardsAttributes.php(188): Illuminate/Database/Console/Seeds/SeedCommand->{closure:Illuminate/Database/Console/Seeds/SeedCommand::handle():87}()
#17 C:/Users/raven/Downloads/laravel-brs-agenda-penomoran/agenda brs v3/agenda-brs/vendor/laravel/framework/src/Illuminate/Database/Console/Seeds/SeedCommand.php(87): Illuminate/Database/Eloquent/Model::unguarded(Object(Closure))
#18 C:/Users/raven/Downloads/laravel-brs-agenda-penomoran/agenda brs v3/agenda-brs/vendor/laravel/framework/src/Illuminate/Container/BoundMethod.php(36): Illuminate/Database/Console/Seeds/SeedCommand->handle()
#19 C:/Users/raven/Downloads/laravel-brs-agenda-penomoran/agenda brs v3/agenda-brs/vendor/laravel/framework/src/Illuminate/Container/Util.php(43): Illuminate/Container/BoundMethod::{closure:Illuminate/Container/BoundMethod::call():35}()
#20 C:/Users/raven/Downloads/laravel-brs-agenda-penomoran/agenda brs v3/agenda-brs/vendor/laravel/framework/src/Illuminate/Container/BoundMethod.php(96): Illuminate/Container/Util::unwrapIfClosure(Object(Closure))
#21 C:/Users/raven/Downloads/laravel-brs-agenda-penomoran/agenda brs v3/agenda-brs/vendor/laravel/framework/src/Illuminate/Container/BoundMethod.php(35): Illuminate/Container/BoundMethod::callBoundMethod(Object(Illuminate/Foundation/Application), Array, Object(Closure))
#22 C:/Users/raven/Downloads/laravel-brs-agenda-penomoran/agenda brs v3/agenda-brs/vendor/laravel/framework/src/Illuminate/Container/Container.php(803): Illuminate/Container/BoundMethod::call(Object(Illuminate/Foundation/Application), Array, Array, NULL)
#23 C:/Users/raven/Downloads/laravel-brs-agenda-penomoran/agenda brs v3/agenda-brs/vendor/laravel/framework/src/Illuminate/Console/Command.php(292): Illuminate/Container/Container->call(Array)
#24 C:/Users/raven/Downloads/laravel-brs-agenda-penomoran/agenda brs v3/agenda-brs/vendor/symfony/console/Command/Command.php(284): Illuminate/Console/Command->execute(Object(Symfony/Component/Console/Input/ArrayInput), Object(Illuminate/Console/OutputStyle))
#25 C:/Users/raven/Downloads/laravel-brs-agenda-penomoran/agenda brs v3/agenda-brs/vendor/laravel/framework/src/Illuminate/Console/Command.php(261): Symfony/Component/Console/Command/Command->run(Object(Symfony/Component/Console/Input/ArrayInput), Object(Illuminate/Console/OutputStyle))
#26 C:/Users/raven/Downloads/laravel-brs-agenda-penomoran/agenda brs v3/agenda-brs/vendor/laravel/framework/src/Illuminate/Console/Concerns/CallsCommands.php(68): Illuminate/Console/Command->run(Object(Symfony/Component/Console/Input/ArrayInput), Object(Illuminate/Console/OutputStyle))
#27 C:/Users/raven/Downloads/laravel-brs-agenda-penomoran/agenda brs v3/agenda-brs/vendor/laravel/framework/src/Illuminate/Console/Concerns/CallsCommands.php(29): Illuminate/Console/Command->runCommand('db:seed', Array, Object(Illuminate/Console/OutputStyle))
#28 C:/Users/raven/Downloads/laravel-brs-agenda-penomoran/agenda brs v3/agenda-brs/vendor/laravel/framework/src/Illuminate/Database/Console/Migrations/MigrateCommand.php(127): Illuminate/Console/Command->call('db:seed', Array)
#29 C:/Users/raven/Downloads/laravel-brs-agenda-penomoran/agenda brs v3/agenda-brs/vendor/laravel/framework/src/Illuminate/Database/Migrations/Migrator.php(672): Illuminate/Database/Console/Migrations/MigrateCommand->{closure:Illuminate/Database/Console/Migrations/MigrateCommand::runMigrations():111}()
#30 C:/Users/raven/Downloads/laravel-brs-agenda-penomoran/agenda brs v3/agenda-brs/vendor/laravel/framework/src/Illuminate/Database/Console/Migrations/MigrateCommand.php(111): Illuminate/Database/Migrations/Migrator->usingConnection(NULL, Object(Closure))
#31 C:/Users/raven/Downloads/laravel-brs-agenda-penomoran/agenda brs v3/agenda-brs/vendor/laravel/framework/src/Illuminate/Database/Console/Migrations/MigrateCommand.php(90): Illuminate/Database/Console/Migrations/MigrateCommand->runMigrations()
#32 C:/Users/raven/Downloads/laravel-brs-agenda-penomoran/agenda brs v3/agenda-brs/vendor/laravel/framework/src/Illuminate/Container/BoundMethod.php(36): Illuminate/Database/Console/Migrations/MigrateCommand->handle()
#33 C:/Users/raven/Downloads/laravel-brs-agenda-penomoran/agenda brs v3/agenda-brs/vendor/laravel/framework/src/Illuminate/Container/Util.php(43): Illuminate/Container/BoundMethod::{closure:Illuminate/Container/BoundMethod::call():35}()
#34 C:/Users/raven/Downloads/laravel-brs-agenda-penomoran/agenda brs v3/agenda-brs/vendor/laravel/framework/src/Illuminate/Container/BoundMethod.php(96): Illuminate/Container/Util::unwrapIfClosure(Object(Closure))
#35 C:/Users/raven/Downloads/laravel-brs-agenda-penomoran/agenda brs v3/agenda-brs/vendor/laravel/framework/src/Illuminate/Container/BoundMethod.php(35): Illuminate/Container/BoundMethod::callBoundMethod(Object(Illuminate/Foundation/Application), Array, Object(Closure))
#36 C:/Users/raven/Downloads/laravel-brs-agenda-penomoran/agenda brs v3/agenda-brs/vendor/laravel/framework/src/Illuminate/Container/Container.php(803): Illuminate/Container/BoundMethod::call(Object(Illuminate/Foundation/Application), Array, Array, NULL)
#37 C:/Users/raven/Downloads/laravel-brs-agenda-penomoran/agenda brs v3/agenda-brs/vendor/laravel/framework/src/Illuminate/Console/Command.php(292): Illuminate/Container/Container->call(Array)
#38 C:/Users/raven/Downloads/laravel-brs-agenda-penomoran/agenda brs v3/agenda-brs/vendor/symfony/console/Command/Command.php(284): Illuminate/Console/Command->execute(Object(Symfony/Component/Console/Input/ArgvInput), Object(Illuminate/Console/OutputStyle))
#39 C:/Users/raven/Downloads/laravel-brs-agenda-penomoran/agenda brs v3/agenda-brs/vendor/laravel/framework/src/Illuminate/Console/Command.php(261): Symfony/Component/Console/Command/Command->run(Object(Symfony/Component/Console/Input/ArgvInput), Object(Illuminate/Console/OutputStyle))
#40 C:/Users/raven/Downloads/laravel-brs-agenda-penomoran/agenda brs v3/agenda-brs/vendor/symfony/console/Application.php(1144): Illuminate/Console/Command->run(Object(Symfony/Component/Console/Input/ArgvInput), Object(Symfony/Component/Console/Output/ConsoleOutput))
#41 C:/Users/raven/Downloads/laravel-brs-agenda-penomoran/agenda brs v3/agenda-brs/vendor/symfony/console/Application.php(379): Symfony/Component/Console/Application->doRunCommand(Object(Illuminate/Database/Console/Migrations/MigrateCommand), Object(Symfony/Component/Console/Input/ArgvInput), Object(Symfony/Component/Console/Output/ConsoleOutput))
#42 C:/Users/raven/Downloads/laravel-brs-agenda-penomoran/agenda brs v3/agenda-brs/vendor/symfony/console/Application.php(218): Symfony/Component/Console/Application->doRun(Object(Symfony/Component/Console/Input/ArgvInput), Object(Symfony/Component/Console/Output/ConsoleOutput))
#43 C:/Users/raven/Downloads/laravel-brs-agenda-penomoran/agenda brs v3/agenda-brs/vendor/laravel/framework/src/Illuminate/Foundation/Console/Kernel.php(198): Symfony/Component/Console/Application->run(Object(Symfony/Component/Console/Input/ArgvInput), Object(Symfony/Component/Console/Output/ConsoleOutput))
#44 C:/Users/raven/Downloads/laravel-brs-agenda-penomoran/agenda brs v3/agenda-brs/vendor/laravel/framework/src/Illuminate/Foundation/Application.php(1242): Illuminate/Foundation/Console/Kernel->handle(Object(Symfony/Component/Console/Input/ArgvInput), Object(Symfony/Component/Console/Output/ConsoleOutput))
#45 C:/Users/raven/Downloads/laravel-brs-agenda-penomoran/agenda brs v3/agenda-brs/artisan(16): Illuminate/Foundation/Application->handleCommand(Object(Symfony/Component/Console/Input/ArgvInput))
#46 {main}
"} 
[2026-08-29 09:25:47] local.ERROR: SQLSTATE[23000]: Integrity constraint violation: 1062 Duplicate entry '03/02/1674/Th.VIII' for key 'brs_entries.brs_entries_nomor_brs_unique' (Connection: mysql, Host: 127.0.0.1, Port: 3306, Database: brs_db, SQL: update `brs_entries` set `no_urut` = 3, `nomor_brs` = 03/02/1674/Th.VIII, `brs_entries`.`updated_at` = 2026-08-29 09:25:47 where `id` = 184) {"exception":"[object] (Illuminate\\Database\\UniqueConstraintViolationException(code: 23000): SQLSTATE[23000]: Integrity constraint violation: 1062 Duplicate entry '03/02/1674/Th.VIII' for key 'brs_entries.brs_entries_nomor_brs_unique' (Connection: mysql, Host: 127.0.0.1, Port: 3306, Database: brs_db, SQL: update `brs_entries` set `no_urut` = 3, `nomor_brs` = 03/02/1674/Th.VIII, `brs_entries`.`updated_at` = 2026-08-29 09:25:47 where `id` = 184) at C:/Users/raven/Downloads/laravel-brs-agenda-penomoran/agenda brs v3/agenda-brs/vendor/laravel/framework/src/Illuminate/Database/Connection.php:857)
[stacktrace]
#0 C:/Users/raven/Downloads/laravel-brs-agenda-penomoran/agenda brs v3/agenda-brs/vendor/laravel/framework/src/Illuminate/Database/Connection.php(813): Illuminate/Database/Connection->runQueryCallback('update `brs_ent...', Array, Object(Closure))
#1 C:/Users/raven/Downloads/laravel-brs-agenda-penomoran/agenda brs v3/agenda-brs/vendor/laravel/framework/src/Illuminate/Database/Connection.php(614): Illuminate/Database/Connection->run('update `brs_ent...', Array, Object(Closure))
#2 C:/Users/raven/Downloads/laravel-brs-agenda-penomoran/agenda brs v3/agenda-brs/vendor/laravel/framework/src/Illuminate/Database/Connection.php(566): Illuminate/Database/Connection->affectingStatement('update `brs_ent...', Array)
#3 C:/Users/raven/Downloads/laravel-brs-agenda-penomoran/agenda brs v3/agenda-brs/vendor/laravel/framework/src/Illuminate/Database/Query/Builder.php(4377): Illuminate/Database/Connection->update('update `brs_ent...', Array)
#4 C:/Users/raven/Downloads/laravel-brs-agenda-penomoran/agenda brs v3/agenda-brs/vendor/laravel/framework/src/Illuminate/Database/Eloquent/Builder.php(1304): Illuminate/Database/Query/Builder->update(Object(Illuminate/Support/Collection))
#5 C:/Users/raven/Downloads/laravel-brs-agenda-penomoran/agenda brs v3/agenda-brs/app/Models/BrsEntry.php(72): Illuminate/Database/Eloquent/Builder->update(Array)
#6 C:/Users/raven/Downloads/laravel-brs-agenda-penomoran/agenda brs v3/agenda-brs/database/seeders/BrsEntrySeeder.php(46): App/Models/BrsEntry::renumberYear(2022)
#7 C:/Users/raven/Downloads/laravel-brs-agenda-penomoran/agenda brs v3/agenda-brs/vendor/laravel/framework/src/Illuminate/Container/BoundMethod.php(36): Database/Seeders/BrsEntrySeeder->run()
#8 C:/Users/raven/Downloads/laravel-brs-agenda-penomoran/agenda brs v3/agenda-brs/vendor/laravel/framework/src/Illuminate/Container/Util.php(43): Illuminate/Container/BoundMethod::{closure:Illuminate/Container/BoundMethod::call():35}()
#9 C:/Users/raven/Downloads/laravel-brs-agenda-penomoran/agenda brs v3/agenda-brs/vendor/laravel/framework/src/Illuminate/Container/BoundMethod.php(96): Illuminate/Container/Util::unwrapIfClosure(Object(Closure))
#10 C:/Users/raven/Downloads/laravel-brs-agenda-penomoran/agenda brs v3/agenda-brs/vendor/laravel/framework/src/Illuminate/Container/BoundMethod.php(35): Illuminate/Container/BoundMethod::callBoundMethod(Object(Illuminate/Foundation/Application), Array, Object(Closure))
#11 C:/Users/raven/Downloads/laravel-brs-agenda-penomoran/agenda brs v3/agenda-brs/vendor/laravel/framework/src/Illuminate/Container/Container.php(803): Illuminate/Container/BoundMethod::call(Object(Illuminate/Foundation/Application), Array, Array, NULL)
#12 C:/Users/raven/Downloads/laravel-brs-agenda-penomoran/agenda brs v3/agenda-brs/vendor/laravel/framework/src/Illuminate/Database/Seeder.php(184): Illuminate/Container/Container->call(Array, Array)
#13 C:/Users/raven/Downloads/laravel-brs-agenda-penomoran/agenda brs v3/agenda-brs/vendor/laravel/framework/src/Illuminate/Database/Seeder.php(191): Illuminate/Database/Seeder->{closure:Illuminate/Database/Seeder::__invoke():183}()
#14 C:/Users/raven/Downloads/laravel-brs-agenda-penomoran/agenda brs v3/agenda-brs/vendor/laravel/framework/src/Illuminate/Database/Seeder.php(59): Illuminate/Database/Seeder->__invoke(Array)
#15 C:/Users/raven/Downloads/laravel-brs-agenda-penomoran/agenda brs v3/agenda-brs/database/seeders/DatabaseSeeder.php(11): Illuminate/Database/Seeder->call('Database//Seeder...')
#16 C:/Users/raven/Downloads/laravel-brs-agenda-penomoran/agenda brs v3/agenda-brs/vendor/laravel/framework/src/Illuminate/Container/BoundMethod.php(36): Database/Seeders/DatabaseSeeder->run()
#17 C:/Users/raven/Downloads/laravel-brs-agenda-penomoran/agenda brs v3/agenda-brs/vendor/laravel/framework/src/Illuminate/Container/Util.php(43): Illuminate/Container/BoundMethod::{closure:Illuminate/Container/BoundMethod::call():35}()
#18 C:/Users/raven/Downloads/laravel-brs-agenda-penomoran/agenda brs v3/agenda-brs/vendor/laravel/framework/src/Illuminate/Container/BoundMethod.php(96): Illuminate/Container/Util::unwrapIfClosure(Object(Closure))
#19 C:/Users/raven/Downloads/laravel-brs-agenda-penomoran/agenda brs v3/agenda-brs/vendor/laravel/framework/src/Illuminate/Container/BoundMethod.php(35): Illuminate/Container/BoundMethod::callBoundMethod(Object(Illuminate/Foundation/Application), Array, Object(Closure))
#20 C:/Users/raven/Downloads/laravel-brs-agenda-penomoran/agenda brs v3/agenda-brs/vendor/laravel/framework/src/Illuminate/Container/Container.php(803): Illuminate/Container/BoundMethod::call(Object(Illuminate/Foundation/Application), Array, Array, NULL)
#21 C:/Users/raven/Downloads/laravel-brs-agenda-penomoran/agenda brs v3/agenda-brs/vendor/laravel/framework/src/Illuminate/Database/Seeder.php(184): Illuminate/Container/Container->call(Array, Array)
#22 C:/Users/raven/Downloads/laravel-brs-agenda-penomoran/agenda brs v3/agenda-brs/vendor/laravel/framework/src/Illuminate/Database/Seeder.php(191): Illuminate/Database/Seeder->{closure:Illuminate/Database/Seeder::__invoke():183}()
#23 C:/Users/raven/Downloads/laravel-brs-agenda-penomoran/agenda brs v3/agenda-brs/vendor/laravel/framework/src/Illuminate/Database/Console/Seeds/SeedCommand.php(88): Illuminate/Database/Seeder->__invoke()
#24 C:/Users/raven/Downloads/laravel-brs-agenda-penomoran/agenda brs v3/agenda-brs/vendor/laravel/framework/src/Illuminate/Database/Eloquent/Concerns/GuardsAttributes.php(188): Illuminate/Database/Console/Seeds/SeedCommand->{closure:Illuminate/Database/Console/Seeds/SeedCommand::handle():87}()
#25 C:/Users/raven/Downloads/laravel-brs-agenda-penomoran/agenda brs v3/agenda-brs/vendor/laravel/framework/src/Illuminate/Database/Console/Seeds/SeedCommand.php(87): Illuminate/Database/Eloquent/Model::unguarded(Object(Closure))
#26 C:/Users/raven/Downloads/laravel-brs-agenda-penomoran/agenda brs v3/agenda-brs/vendor/laravel/framework/src/Illuminate/Container/BoundMethod.php(36): Illuminate/Database/Console/Seeds/SeedCommand->handle()
#27 C:/Users/raven/Downloads/laravel-brs-agenda-penomoran/agenda brs v3/agenda-brs/vendor/laravel/framework/src/Illuminate/Container/Util.php(43): Illuminate/Container/BoundMethod::{closure:Illuminate/Container/BoundMethod::call():35}()
#28 C:/Users/raven/Downloads/laravel-brs-agenda-penomoran/agenda brs v3/agenda-brs/vendor/laravel/framework/src/Illuminate/Container/BoundMethod.php(96): Illuminate/Container/Util::unwrapIfClosure(Object(Closure))
#29 C:/Users/raven/Downloads/laravel-brs-agenda-penomoran/agenda brs v3/agenda-brs/vendor/laravel/framework/src/Illuminate/Container/BoundMethod.php(35): Illuminate/Container/BoundMethod::callBoundMethod(Object(Illuminate/Foundation/Application), Array, Object(Closure))
#30 C:/Users/raven/Downloads/laravel-brs-agenda-penomoran/agenda brs v3/agenda-brs/vendor/laravel/framework/src/Illuminate/Container/Container.php(803): Illuminate/Container/BoundMethod::call(Object(Illuminate/Foundation/Application), Array, Array, NULL)
#31 C:/Users/raven/Downloads/laravel-brs-agenda-penomoran/agenda brs v3/agenda-brs/vendor/laravel/framework/src/Illuminate/Console/Command.php(292): Illuminate/Container/Container->call(Array)
#32 C:/Users/raven/Downloads/laravel-brs-agenda-penomoran/agenda brs v3/agenda-brs/vendor/symfony/console/Command/Command.php(284): Illuminate/Console/Command->execute(Object(Symfony/Component/Console/Input/ArrayInput), Object(Illuminate/Console/OutputStyle))
#33 C:/Users/raven/Downloads/laravel-brs-agenda-penomoran/agenda brs v3/agenda-brs/vendor/laravel/framework/src/Illuminate/Console/Command.php(261): Symfony/Component/Console/Command/Command->run(Object(Symfony/Component/Console/Input/ArrayInput), Object(Illuminate/Console/OutputStyle))
#34 C:/Users/raven/Downloads/laravel-brs-agenda-penomoran/agenda brs v3/agenda-brs/vendor/laravel/framework/src/Illuminate/Console/Concerns/CallsCommands.php(68): Illuminate/Console/Command->run(Object(Symfony/Component/Console/Input/ArrayInput), Object(Illuminate/Console/OutputStyle))
#35 C:/Users/raven/Downloads/laravel-brs-agenda-penomoran/agenda brs v3/agenda-brs/vendor/laravel/framework/src/Illuminate/Console/Concerns/CallsCommands.php(29): Illuminate/Console/Command->runCommand('db:seed', Array, Object(Illuminate/Console/OutputStyle))
#36 C:/Users/raven/Downloads/laravel-brs-agenda-penomoran/agenda brs v3/agenda-brs/vendor/laravel/framework/src/Illuminate/Database/Console/Migrations/MigrateCommand.php(127): Illuminate/Console/Command->call('db:seed', Array)
#37 C:/Users/raven/Downloads/laravel-brs-agenda-penomoran/agenda brs v3/agenda-brs/vendor/laravel/framework/src/Illuminate/Database/Migrations/Migrator.php(672): Illuminate/Database/Console/Migrations/MigrateCommand->{closure:Illuminate/Database/Console/Migrations/MigrateCommand::runMigrations():111}()
#38 C:/Users/raven/Downloads/laravel-brs-agenda-penomoran/agenda brs v3/agenda-brs/vendor/laravel/framework/src/Illuminate/Database/Console/Migrations/MigrateCommand.php(111): Illuminate/Database/Migrations/Migrator->usingConnection(NULL, Object(Closure))
#39 C:/Users/raven/Downloads/laravel-brs-agenda-penomoran/agenda brs v3/agenda-brs/vendor/laravel/framework/src/Illuminate/Database/Console/Migrations/MigrateCommand.php(90): Illuminate/Database/Console/Migrations/MigrateCommand->runMigrations()
#40 C:/Users/raven/Downloads/laravel-brs-agenda-penomoran/agenda brs v3/agenda-brs/vendor/laravel/framework/src/Illuminate/Container/BoundMethod.php(36): Illuminate/Database/Console/Migrations/MigrateCommand->handle()
#41 C:/Users/raven/Downloads/laravel-brs-agenda-penomoran/agenda brs v3/agenda-brs/vendor/laravel/framework/src/Illuminate/Container/Util.php(43): Illuminate/Container/BoundMethod::{closure:Illuminate/Container/BoundMethod::call():35}()
#42 C:/Users/raven/Downloads/laravel-brs-agenda-penomoran/agenda brs v3/agenda-brs/vendor/laravel/framework/src/Illuminate/Container/BoundMethod.php(96): Illuminate/Container/Util::unwrapIfClosure(Object(Closure))
#43 C:/Users/raven/Downloads/laravel-brs-agenda-penomoran/agenda brs v3/agenda-brs/vendor/laravel/framework/src/Illuminate/Container/BoundMethod.php(35): Illuminate/Container/BoundMethod::callBoundMethod(Object(Illuminate/Foundation/Application), Array, Object(Closure))
#44 C:/Users/raven/Downloads/laravel-brs-agenda-penomoran/agenda brs v3/agenda-brs/vendor/laravel/framework/src/Illuminate/Container/Container.php(803): Illuminate/Container/BoundMethod::call(Object(Illuminate/Foundation/Application), Array, Array, NULL)
#45 C:/Users/raven/Downloads/laravel-brs-agenda-penomoran/agenda brs v3/agenda-brs/vendor/laravel/framework/src/Illuminate/Console/Command.php(292): Illuminate/Container/Container->call(Array)
#46 C:/Users/raven/Downloads/laravel-brs-agenda-penomoran/agenda brs v3/agenda-brs/vendor/symfony/console/Command/Command.php(284): Illuminate/Console/Command->execute(Object(Symfony/Component/Console/Input/ArgvInput), Object(Illuminate/Console/OutputStyle))
#47 C:/Users/raven/Downloads/laravel-brs-agenda-penomoran/agenda brs v3/agenda-brs/vendor/laravel/framework/src/Illuminate/Console/Command.php(261): Symfony/Component/Console/Command/Command->run(Object(Symfony/Component/Console/Input/ArgvInput), Object(Illuminate/Console/OutputStyle))
#48 C:/Users/raven/Downloads/laravel-brs-agenda-penomoran/agenda brs v3/agenda-brs/vendor/symfony/console/Application.php(1144): Illuminate/Console/Command->run(Object(Symfony/Component/Console/Input/ArgvInput), Object(Symfony/Component/Console/Output/ConsoleOutput))
#49 C:/Users/raven/Downloads/laravel-brs-agenda-penomoran/agenda brs v3/agenda-brs/vendor/symfony/console/Application.php(379): Symfony/Component/Console/Application->doRunCommand(Object(Illuminate/Database/Console/Migrations/MigrateCommand), Object(Symfony/Component/Console/Input/ArgvInput), Object(Symfony/Component/Console/Output/ConsoleOutput))
#50 C:/Users/raven/Downloads/laravel-brs-agenda-penomoran/agenda brs v3/agenda-brs/vendor/symfony/console/Application.php(218): Symfony/Component/Console/Application->doRun(Object(Symfony/Component/Console/Input/ArgvInput), Object(Symfony/Component/Console/Output/ConsoleOutput))
#51 C:/Users/raven/Downloads/laravel-brs-agenda-penomoran/agenda brs v3/agenda-brs/vendor/laravel/framework/src/Illuminate/Foundation/Console/Kernel.php(198): Symfony/Component/Console/Application->run(Object(Symfony/Component/Console/Input/ArgvInput), Object(Symfony/Component/Console/Output/ConsoleOutput))
#52 C:/Users/raven/Downloads/laravel-brs-agenda-penomoran/agenda brs v3/agenda-brs/vendor/laravel/framework/src/Illuminate/Foundation/Application.php(1242): Illuminate/Foundation/Console/Kernel->handle(Object(Symfony/Component/Console/Input/ArgvInput), Object(Symfony/Component/Console/Output/ConsoleOutput))
#53 C:/Users/raven/Downloads/laravel-brs-agenda-penomoran/agenda brs v3/agenda-brs/artisan(16): Illuminate/Foundation/Application->handleCommand(Object(Symfony/Component/Console/Input/ArgvInput))
#54 {main}

[previous exception] [object] (PDOException(code: 23000): SQLSTATE[23000]: Integrity constraint violation: 1062 Duplicate entry '03/02/1674/Th.VIII' for key 'brs_entries.brs_entries_nomor_brs_unique' at C:/Users/raven/Downloads/laravel-brs-agenda-penomoran/agenda brs v3/agenda-brs/vendor/laravel/framework/src/Illuminate/Database/Connection.php:626)
[stacktrace]
#0 C:/Users/raven/Downloads/laravel-brs-agenda-penomoran/agenda brs v3/agenda-brs/vendor/laravel/framework/src/Illuminate/Database/Connection.php(626): PDOStatement->execute()
#1 C:/Users/raven/Downloads/laravel-brs-agenda-penomoran/agenda brs v3/agenda-brs/vendor/laravel/framework/src/Illuminate/Database/Connection.php(846): Illuminate/Database/Connection->{closure:Illuminate/Database/Connection::affectingStatement():614}('update `brs_ent...', Array)
#2 C:/Users/raven/Downloads/laravel-brs-agenda-penomoran/agenda brs v3/agenda-brs/vendor/laravel/framework/src/Illuminate/Database/Connection.php(813): Illuminate/Database/Connection->runQueryCallback('update `brs_ent...', Array, Object(Closure))
#3 C:/Users/raven/Downloads/laravel-brs-agenda-penomoran/agenda brs v3/agenda-brs/vendor/laravel/framework/src/Illuminate/Database/Connection.php(614): Illuminate/Database/Connection->run('update `brs_ent...', Array, Object(Closure))
#4 C:/Users/raven/Downloads/laravel-brs-agenda-penomoran/agenda brs v3/agenda-brs/vendor/laravel/framework/src/Illuminate/Database/Connection.php(566): Illuminate/Database/Connection->affectingStatement('update `brs_ent...', Array)
#5 C:/Users/raven/Downloads/laravel-brs-agenda-penomoran/agenda brs v3/agenda-brs/vendor/laravel/framework/src/Illuminate/Database/Query/Builder.php(4377): Illuminate/Database/Connection->update('update `brs_ent...', Array)
#6 C:/Users/raven/Downloads/laravel-brs-agenda-penomoran/agenda brs v3/agenda-brs/vendor/laravel/framework/src/Illuminate/Database/Eloquent/Builder.php(1304): Illuminate/Database/Query/Builder->update(Object(Illuminate/Support/Collection))
#7 C:/Users/raven/Downloads/laravel-brs-agenda-penomoran/agenda brs v3/agenda-brs/app/Models/BrsEntry.php(72): Illuminate/Database/Eloquent/Builder->update(Array)
#8 C:/Users/raven/Downloads/laravel-brs-agenda-penomoran/agenda brs v3/agenda-brs/database/seeders/BrsEntrySeeder.php(46): App/Models/BrsEntry::renumberYear(2022)
#9 C:/Users/raven/Downloads/laravel-brs-agenda-penomoran/agenda brs v3/agenda-brs/vendor/laravel/framework/src/Illuminate/Container/BoundMethod.php(36): Database/Seeders/BrsEntrySeeder->run()
#10 C:/Users/raven/Downloads/laravel-brs-agenda-penomoran/agenda brs v3/agenda-brs/vendor/laravel/framework/src/Illuminate/Container/Util.php(43): Illuminate/Container/BoundMethod::{closure:Illuminate/Container/BoundMethod::call():35}()
#11 C:/Users/raven/Downloads/laravel-brs-agenda-penomoran/agenda brs v3/agenda-brs/vendor/laravel/framework/src/Illuminate/Container/BoundMethod.php(96): Illuminate/Container/Util::unwrapIfClosure(Object(Closure))
#12 C:/Users/raven/Downloads/laravel-brs-agenda-penomoran/agenda brs v3/agenda-brs/vendor/laravel/framework/src/Illuminate/Container/BoundMethod.php(35): Illuminate/Container/BoundMethod::callBoundMethod(Object(Illuminate/Foundation/Application), Array, Object(Closure))
#13 C:/Users/raven/Downloads/laravel-brs-agenda-penomoran/agenda brs v3/agenda-brs/vendor/laravel/framework/src/Illuminate/Container/Container.php(803): Illuminate/Container/BoundMethod::call(Object(Illuminate/Foundation/Application), Array, Array, NULL)
#14 C:/Users/raven/Downloads/laravel-brs-agenda-penomoran/agenda brs v3/agenda-brs/vendor/laravel/framework/src/Illuminate/Database/Seeder.php(184): Illuminate/Container/Container->call(Array, Array)
#15 C:/Users/raven/Downloads/laravel-brs-agenda-penomoran/agenda brs v3/agenda-brs/vendor/laravel/framework/src/Illuminate/Database/Seeder.php(191): Illuminate/Database/Seeder->{closure:Illuminate/Database/Seeder::__invoke():183}()
#16 C:/Users/raven/Downloads/laravel-brs-agenda-penomoran/agenda brs v3/agenda-brs/vendor/laravel/framework/src/Illuminate/Database/Seeder.php(59): Illuminate/Database/Seeder->__invoke(Array)
#17 C:/Users/raven/Downloads/laravel-brs-agenda-penomoran/agenda brs v3/agenda-brs/database/seeders/DatabaseSeeder.php(11): Illuminate/Database/Seeder->call('Database//Seeder...')
#18 C:/Users/raven/Downloads/laravel-brs-agenda-penomoran/agenda brs v3/agenda-brs/vendor/laravel/framework/src/Illuminate/Container/BoundMethod.php(36): Database/Seeders/DatabaseSeeder->run()
#19 C:/Users/raven/Downloads/laravel-brs-agenda-penomoran/agenda brs v3/agenda-brs/vendor/laravel/framework/src/Illuminate/Container/Util.php(43): Illuminate/Container/BoundMethod::{closure:Illuminate/Container/BoundMethod::call():35}()
#20 C:/Users/raven/Downloads/laravel-brs-agenda-penomoran/agenda brs v3/agenda-brs/vendor/laravel/framework/src/Illuminate/Container/BoundMethod.php(96): Illuminate/Container/Util::unwrapIfClosure(Object(Closure))
#21 C:/Users/raven/Downloads/laravel-brs-agenda-penomoran/agenda brs v3/agenda-brs/vendor/laravel/framework/src/Illuminate/Container/BoundMethod.php(35): Illuminate/Container/BoundMethod::callBoundMethod(Object(Illuminate/Foundation/Application), Array, Object(Closure))
#22 C:/Users/raven/Downloads/laravel-brs-agenda-penomoran/agenda brs v3/agenda-brs/vendor/laravel/framework/src/Illuminate/Container/Container.php(803): Illuminate/Container/BoundMethod::call(Object(Illuminate/Foundation/Application), Array, Array, NULL)
#23 C:/Users/raven/Downloads/laravel-brs-agenda-penomoran/agenda brs v3/agenda-brs/vendor/laravel/framework/src/Illuminate/Database/Seeder.php(184): Illuminate/Container/Container->call(Array, Array)
#24 C:/Users/raven/Downloads/laravel-brs-agenda-penomoran/agenda brs v3/agenda-brs/vendor/laravel/framework/src/Illuminate/Database/Seeder.php(191): Illuminate/Database/Seeder->{closure:Illuminate/Database/Seeder::__invoke():183}()
#25 C:/Users/raven/Downloads/laravel-brs-agenda-penomoran/agenda brs v3/agenda-brs/vendor/laravel/framework/src/Illuminate/Database/Console/Seeds/SeedCommand.php(88): Illuminate/Database/Seeder->__invoke()
#26 C:/Users/raven/Downloads/laravel-brs-agenda-penomoran/agenda brs v3/agenda-brs/vendor/laravel/framework/src/Illuminate/Database/Eloquent/Concerns/GuardsAttributes.php(188): Illuminate/Database/Console/Seeds/SeedCommand->{closure:Illuminate/Database/Console/Seeds/SeedCommand::handle():87}()
#27 C:/Users/raven/Downloads/laravel-brs-agenda-penomoran/agenda brs v3/agenda-brs/vendor/laravel/framework/src/Illuminate/Database/Console/Seeds/SeedCommand.php(87): Illuminate/Database/Eloquent/Model::unguarded(Object(Closure))
#28 C:/Users/raven/Downloads/laravel-brs-agenda-penomoran/agenda brs v3/agenda-brs/vendor/laravel/framework/src/Illuminate/Container/BoundMethod.php(36): Illuminate/Database/Console/Seeds/SeedCommand->handle()
#29 C:/Users/raven/Downloads/laravel-brs-agenda-penomoran/agenda brs v3/agenda-brs/vendor/laravel/framework/src/Illuminate/Container/Util.php(43): Illuminate/Container/BoundMethod::{closure:Illuminate/Container/BoundMethod::call():35}()
#30 C:/Users/raven/Downloads/laravel-brs-agenda-penomoran/agenda brs v3/agenda-brs/vendor/laravel/framework/src/Illuminate/Container/BoundMethod.php(96): Illuminate/Container/Util::unwrapIfClosure(Object(Closure))
#31 C:/Users/raven/Downloads/laravel-brs-agenda-penomoran/agenda brs v3/agenda-brs/vendor/laravel/framework/src/Illuminate/Container/BoundMethod.php(35): Illuminate/Container/BoundMethod::callBoundMethod(Object(Illuminate/Foundation/Application), Array, Object(Closure))
#32 C:/Users/raven/Downloads/laravel-brs-agenda-penomoran/agenda brs v3/agenda-brs/vendor/laravel/framework/src/Illuminate/Container/Container.php(803): Illuminate/Container/BoundMethod::call(Object(Illuminate/Foundation/Application), Array, Array, NULL)
#33 C:/Users/raven/Downloads/laravel-brs-agenda-penomoran/agenda brs v3/agenda-brs/vendor/laravel/framework/src/Illuminate/Console/Command.php(292): Illuminate/Container/Container->call(Array)
#34 C:/Users/raven/Downloads/laravel-brs-agenda-penomoran/agenda brs v3/agenda-brs/vendor/symfony/console/Command/Command.php(284): Illuminate/Console/Command->execute(Object(Symfony/Component/Console/Input/ArrayInput), Object(Illuminate/Console/OutputStyle))
#35 C:/Users/raven/Downloads/laravel-brs-agenda-penomoran/agenda brs v3/agenda-brs/vendor/laravel/framework/src/Illuminate/Console/Command.php(261): Symfony/Component/Console/Command/Command->run(Object(Symfony/Component/Console/Input/ArrayInput), Object(Illuminate/Console/OutputStyle))
#36 C:/Users/raven/Downloads/laravel-brs-agenda-penomoran/agenda brs v3/agenda-brs/vendor/laravel/framework/src/Illuminate/Console/Concerns/CallsCommands.php(68): Illuminate/Console/Command->run(Object(Symfony/Component/Console/Input/ArrayInput), Object(Illuminate/Console/OutputStyle))
#37 C:/Users/raven/Downloads/laravel-brs-agenda-penomoran/agenda brs v3/agenda-brs/vendor/laravel/framework/src/Illuminate/Console/Concerns/CallsCommands.php(29): Illuminate/Console/Command->runCommand('db:seed', Array, Object(Illuminate/Console/OutputStyle))
#38 C:/Users/raven/Downloads/laravel-brs-agenda-penomoran/agenda brs v3/agenda-brs/vendor/laravel/framework/src/Illuminate/Database/Console/Migrations/MigrateCommand.php(127): Illuminate/Console/Command->call('db:seed', Array)
#39 C:/Users/raven/Downloads/laravel-brs-agenda-penomoran/agenda brs v3/agenda-brs/vendor/laravel/framework/src/Illuminate/Database/Migrations/Migrator.php(672): Illuminate/Database/Console/Migrations/MigrateCommand->{closure:Illuminate/Database/Console/Migrations/MigrateCommand::runMigrations():111}()
#40 C:/Users/raven/Downloads/laravel-brs-agenda-penomoran/agenda brs v3/agenda-brs/vendor/laravel/framework/src/Illuminate/Database/Console/Migrations/MigrateCommand.php(111): Illuminate/Database/Migrations/Migrator->usingConnection(NULL, Object(Closure))
#41 C:/Users/raven/Downloads/laravel-brs-agenda-penomoran/agenda brs v3/agenda-brs/vendor/laravel/framework/src/Illuminate/Database/Console/Migrations/MigrateCommand.php(90): Illuminate/Database/Console/Migrations/MigrateCommand->runMigrations()
#42 C:/Users/raven/Downloads/laravel-brs-agenda-penomoran/agenda brs v3/agenda-brs/vendor/laravel/framework/src/Illuminate/Container/BoundMethod.php(36): Illuminate/Database/Console/Migrations/MigrateCommand->handle()
#43 C:/Users/raven/Downloads/laravel-brs-agenda-penomoran/agenda brs v3/agenda-brs/vendor/laravel/framework/src/Illuminate/Container/Util.php(43): Illuminate/Container/BoundMethod::{closure:Illuminate/Container/BoundMethod::call():35}()
#44 C:/Users/raven/Downloads/laravel-brs-agenda-penomoran/agenda brs v3/agenda-brs/vendor/laravel/framework/src/Illuminate/Container/BoundMethod.php(96): Illuminate/Container/Util::unwrapIfClosure(Object(Closure))
#45 C:/Users/raven/Downloads/laravel-brs-agenda-penomoran/agenda brs v3/agenda-brs/vendor/laravel/framework/src/Illuminate/Container/BoundMethod.php(35): Illuminate/Container/BoundMethod::callBoundMethod(Object(Illuminate/Foundation/Application), Array, Object(Closure))
#46 C:/Users/raven/Downloads/laravel-brs-agenda-penomoran/agenda brs v3/agenda-brs/vendor/laravel/framework/src/Illuminate/Container/Container.php(803): Illuminate/Container/BoundMethod::call(Object(Illuminate/Foundation/Application), Array, Array, NULL)
#47 C:/Users/raven/Downloads/laravel-brs-agenda-penomoran/agenda brs v3/agenda-brs/vendor/laravel/framework/src/Illuminate/Console/Command.php(292): Illuminate/Container/Container->call(Array)
#48 C:/Users/raven/Downloads/laravel-brs-agenda-penomoran/agenda brs v3/agenda-brs/vendor/symfony/console/Command/Command.php(284): Illuminate/Console/Command->execute(Object(Symfony/Component/Console/Input/ArgvInput), Object(Illuminate/Console/OutputStyle))
#49 C:/Users/raven/Downloads/laravel-brs-agenda-penomoran/agenda brs v3/agenda-brs/vendor/laravel/framework/src/Illuminate/Console/Command.php(261): Symfony/Component/Console/Command/Command->run(Object(Symfony/Component/Console/Input/ArgvInput), Object(Illuminate/Console/OutputStyle))
#50 C:/Users/raven/Downloads/laravel-brs-agenda-penomoran/agenda brs v3/agenda-brs/vendor/symfony/console/Application.php(1144): Illuminate/Console/Command->run(Object(Symfony/Component/Console/Input/ArgvInput), Object(Symfony/Component/Console/Output/ConsoleOutput))
#51 C:/Users/raven/Downloads/laravel-brs-agenda-penomoran/agenda brs v3/agenda-brs/vendor/symfony/console/Application.php(379): Symfony/Component/Console/Application->doRunCommand(Object(Illuminate/Database/Console/Migrations/MigrateCommand), Object(Symfony/Component/Console/Input/ArgvInput), Object(Symfony/Component/Console/Output/ConsoleOutput))
#52 C:/Users/raven/Downloads/laravel-brs-agenda-penomoran/agenda brs v3/agenda-brs/vendor/symfony/console/Application.php(218): Symfony/Component/Console/Application->doRun(Object(Symfony/Component/Console/Input/ArgvInput), Object(Symfony/Component/Console/Output/ConsoleOutput))
#53 C:/Users/raven/Downloads/laravel-brs-agenda-penomoran/agenda brs v3/agenda-brs/vendor/laravel/framework/src/Illuminate/Foundation/Console/Kernel.php(198): Symfony/Component/Console/Application->run(Object(Symfony/Component/Console/Input/ArgvInput), Object(Symfony/Component/Console/Output/ConsoleOutput))
#54 C:/Users/raven/Downloads/laravel-brs-agenda-penomoran/agenda brs v3/agenda-brs/vendor/laravel/framework/src/Illuminate/Foundation/Application.php(1242): Illuminate/Foundation/Console/Kernel->handle(Object(Symfony/Component/Console/Input/ArgvInput), Object(Symfony/Component/Console/Output/ConsoleOutput))
#55 C:/Users/raven/Downloads/laravel-brs-agenda-penomoran/agenda brs v3/agenda-brs/artisan(16): Illuminate/Foundation/Application->handleCommand(Object(Symfony/Component/Console/Input/ArgvInput))
#56 {main}
"} 
[2026-08-29 09:27:16] local.ERROR: Target class [App\Http\Controllers\AuthController] does not exist. {"exception":"[object] (Illuminate\\Contracts\\Container\\BindingResolutionException(code: 0): Target class [App\\Http\\Controllers\\AuthController] does not exist. at C:/Users/raven/Downloads/laravel-brs-agenda-penomoran/agenda brs v3/agenda-brs/vendor/laravel/framework/src/Illuminate/Container/Container.php:1149)
[stacktrace]
#0 C:/Users/raven/Downloads/laravel-brs-agenda-penomoran/agenda brs v3/agenda-brs/vendor/laravel/framework/src/Illuminate/Container/Container.php(939): Illuminate/Container/Container->build('App//Http//Contro...')
#1 C:/Users/raven/Downloads/laravel-brs-agenda-penomoran/agenda brs v3/agenda-brs/vendor/laravel/framework/src/Illuminate/Foundation/Application.php(1085): Illuminate/Container/Container->resolve('App//Http//Contro...', Array, true)
#2 C:/Users/raven/Downloads/laravel-brs-agenda-penomoran/agenda brs v3/agenda-brs/vendor/laravel/framework/src/Illuminate/Container/Container.php(867): Illuminate/Foundation/Application->resolve('App//Http//Contro...', Array)
#3 C:/Users/raven/Downloads/laravel-brs-agenda-penomoran/agenda brs v3/agenda-brs/vendor/laravel/framework/src/Illuminate/Foundation/Application.php(1065): Illuminate/Container/Container->make('App//Http//Contro...', Array)
#4 C:/Users/raven/Downloads/laravel-brs-agenda-penomoran/agenda brs v3/agenda-brs/vendor/laravel/framework/src/Illuminate/Routing/Route.php(297): Illuminate/Foundation/Application->make('App//Http//Contro...')
#5 C:/Users/raven/Downloads/laravel-brs-agenda-penomoran/agenda brs v3/agenda-brs/vendor/laravel/framework/src/Illuminate/Routing/Route.php(277): Illuminate/Routing/Route->getController()
#6 C:/Users/raven/Downloads/laravel-brs-agenda-penomoran/agenda brs v3/agenda-brs/vendor/laravel/framework/src/Illuminate/Routing/Route.php(216): Illuminate/Routing/Route->runController()
#7 C:/Users/raven/Downloads/laravel-brs-agenda-penomoran/agenda brs v3/agenda-brs/vendor/laravel/framework/src/Illuminate/Routing/Router.php(822): Illuminate/Routing/Route->run()
#8 C:/Users/raven/Downloads/laravel-brs-agenda-penomoran/agenda brs v3/agenda-brs/vendor/laravel/framework/src/Illuminate/Pipeline/Pipeline.php(180): Illuminate/Routing/Router->{closure:Illuminate/Routing/Router::runRouteWithinStack():821}(Object(Illuminate/Http/Request))
#9 C:/Users/raven/Downloads/laravel-brs-agenda-penomoran/agenda brs v3/agenda-brs/vendor/laravel/framework/src/Illuminate/Auth/Middleware/RedirectIfAuthenticated.php(47): Illuminate/Pipeline/Pipeline->{closure:Illuminate/Pipeline/Pipeline::prepareDestination():178}(Object(Illuminate/Http/Request))
#10 C:/Users/raven/Downloads/laravel-brs-agenda-penomoran/agenda brs v3/agenda-brs/vendor/laravel/framework/src/Illuminate/Pipeline/Pipeline.php(219): Illuminate/Auth/Middleware/RedirectIfAuthenticated->handle(Object(Illuminate/Http/Request), Object(Closure))
#11 C:/Users/raven/Downloads/laravel-brs-agenda-penomoran/agenda brs v3/agenda-brs/vendor/laravel/framework/src/Illuminate/Routing/Middleware/SubstituteBindings.php(52): Illuminate/Pipeline/Pipeline->{closure:{closure:Illuminate/Pipeline/Pipeline::carry():194}:195}(Object(Illuminate/Http/Request))
#12 C:/Users/raven/Downloads/laravel-brs-agenda-penomoran/agenda brs v3/agenda-brs/vendor/laravel/framework/src/Illuminate/Pipeline/Pipeline.php(219): Illuminate/Routing/Middleware/SubstituteBindings->handle(Object(Illuminate/Http/Request), Object(Closure))
#13 C:/Users/raven/Downloads/laravel-brs-agenda-penomoran/agenda brs v3/agenda-brs/vendor/laravel/framework/src/Illuminate/Foundation/Http/Middleware/PreventRequestForgery.php(104): Illuminate/Pipeline/Pipeline->{closure:{closure:Illuminate/Pipeline/Pipeline::carry():194}:195}(Object(Illuminate/Http/Request))
#14 C:/Users/raven/Downloads/laravel-brs-agenda-penomoran/agenda brs v3/agenda-brs/vendor/laravel/framework/src/Illuminate/Pipeline/Pipeline.php(219): Illuminate/Foundation/Http/Middleware/PreventRequestForgery->handle(Object(Illuminate/Http/Request), Object(Closure))
#15 C:/Users/raven/Downloads/laravel-brs-agenda-penomoran/agenda brs v3/agenda-brs/vendor/laravel/framework/src/Illuminate/View/Middleware/ShareErrorsFromSession.php(48): Illuminate/Pipeline/Pipeline->{closure:{closure:Illuminate/Pipeline/Pipeline::carry():194}:195}(Object(Illuminate/Http/Request))
#16 C:/Users/raven/Downloads/laravel-brs-agenda-penomoran/agenda brs v3/agenda-brs/vendor/laravel/framework/src/Illuminate/Pipeline/Pipeline.php(219): Illuminate/View/Middleware/ShareErrorsFromSession->handle(Object(Illuminate/Http/Request), Object(Closure))
#17 C:/Users/raven/Downloads/laravel-brs-agenda-penomoran/agenda brs v3/agenda-brs/vendor/laravel/framework/src/Illuminate/Session/Middleware/StartSession.php(120): Illuminate/Pipeline/Pipeline->{closure:{closure:Illuminate/Pipeline/Pipeline::carry():194}:195}(Object(Illuminate/Http/Request))
#18 C:/Users/raven/Downloads/laravel-brs-agenda-penomoran/agenda brs v3/agenda-brs/vendor/laravel/framework/src/Illuminate/Session/Middleware/StartSession.php(63): Illuminate/Session/Middleware/StartSession->handleStatefulRequest(Object(Illuminate/Http/Request), Object(Illuminate/Session/Store), Object(Closure))
#19 C:/Users/raven/Downloads/laravel-brs-agenda-penomoran/agenda brs v3/agenda-brs/vendor/laravel/framework/src/Illuminate/Pipeline/Pipeline.php(219): Illuminate/Session/Middleware/StartSession->handle(Object(Illuminate/Http/Request), Object(Closure))
#20 C:/Users/raven/Downloads/laravel-brs-agenda-penomoran/agenda brs v3/agenda-brs/vendor/laravel/framework/src/Illuminate/Cookie/Middleware/AddQueuedCookiesToResponse.php(36): Illuminate/Pipeline/Pipeline->{closure:{closure:Illuminate/Pipeline/Pipeline::carry():194}:195}(Object(Illuminate/Http/Request))
#21 C:/Users/raven/Downloads/laravel-brs-agenda-penomoran/agenda brs v3/agenda-brs/vendor/laravel/framework/src/Illuminate/Pipeline/Pipeline.php(219): Illuminate/Cookie/Middleware/AddQueuedCookiesToResponse->handle(Object(Illuminate/Http/Request), Object(Closure))
#22 C:/Users/raven/Downloads/laravel-brs-agenda-penomoran/agenda brs v3/agenda-brs/vendor/laravel/framework/src/Illuminate/Cookie/Middleware/EncryptCookies.php(74): Illuminate/Pipeline/Pipeline->{closure:{closure:Illuminate/Pipeline/Pipeline::carry():194}:195}(Object(Illuminate/Http/Request))
#23 C:/Users/raven/Downloads/laravel-brs-agenda-penomoran/agenda brs v3/agenda-brs/vendor/laravel/framework/src/Illuminate/Pipeline/Pipeline.php(219): Illuminate/Cookie/Middleware/EncryptCookies->handle(Object(Illuminate/Http/Request), Object(Closure))
#24 C:/Users/raven/Downloads/laravel-brs-agenda-penomoran/agenda brs v3/agenda-brs/vendor/laravel/framework/src/Illuminate/Pipeline/Pipeline.php(137): Illuminate/Pipeline/Pipeline->{closure:{closure:Illuminate/Pipeline/Pipeline::carry():194}:195}(Object(Illuminate/Http/Request))
#25 C:/Users/raven/Downloads/laravel-brs-agenda-penomoran/agenda brs v3/agenda-brs/vendor/laravel/framework/src/Illuminate/Routing/Router.php(821): Illuminate/Pipeline/Pipeline->then(Object(Closure))
#26 C:/Users/raven/Downloads/laravel-brs-agenda-penomoran/agenda brs v3/agenda-brs/vendor/laravel/framework/src/Illuminate/Routing/Router.php(800): Illuminate/Routing/Router->runRouteWithinStack(Object(Illuminate/Routing/Route), Object(Illuminate/Http/Request))
#27 C:/Users/raven/Downloads/laravel-brs-agenda-penomoran/agenda brs v3/agenda-brs/vendor/laravel/framework/src/Illuminate/Routing/Router.php(764): Illuminate/Routing/Router->runRoute(Object(Illuminate/Http/Request), Object(Illuminate/Routing/Route))
#28 C:/Users/raven/Downloads/laravel-brs-agenda-penomoran/agenda brs v3/agenda-brs/vendor/laravel/framework/src/Illuminate/Routing/Router.php(753): Illuminate/Routing/Router->dispatchToRoute(Object(Illuminate/Http/Request))
#29 C:/Users/raven/Downloads/laravel-brs-agenda-penomoran/agenda brs v3/agenda-brs/vendor/laravel/framework/src/Illuminate/Foundation/Http/Kernel.php(200): Illuminate/Routing/Router->dispatch(Object(Illuminate/Http/Request))
#30 C:/Users/raven/Downloads/laravel-brs-agenda-penomoran/agenda brs v3/agenda-brs/vendor/laravel/framework/src/Illuminate/Pipeline/Pipeline.php(180): Illuminate/Foundation/Http/Kernel->{closure:Illuminate/Foundation/Http/Kernel::dispatchToRouter():197}(Object(Illuminate/Http/Request))
#31 C:/Users/raven/Downloads/laravel-brs-agenda-penomoran/agenda brs v3/agenda-brs/vendor/laravel/framework/src/Illuminate/Foundation/Http/Middleware/TransformsRequest.php(21): Illuminate/Pipeline/Pipeline->{closure:Illuminate/Pipeline/Pipeline::prepareDestination():178}(Object(Illuminate/Http/Request))
#32 C:/Users/raven/Downloads/laravel-brs-agenda-penomoran/agenda brs v3/agenda-brs/vendor/laravel/framework/src/Illuminate/Foundation/Http/Middleware/ConvertEmptyStringsToNull.php(31): Illuminate/Foundation/Http/Middleware/TransformsRequest->handle(Object(Illuminate/Http/Request), Object(Closure))
#33 C:/Users/raven/Downloads/laravel-brs-agenda-penomoran/agenda brs v3/agenda-brs/vendor/laravel/framework/src/Illuminate/Pipeline/Pipeline.php(219): Illuminate/Foundation/Http/Middleware/ConvertEmptyStringsToNull->handle(Object(Illuminate/Http/Request), Object(Closure))
#34 C:/Users/raven/Downloads/laravel-brs-agenda-penomoran/agenda brs v3/agenda-brs/vendor/laravel/framework/src/Illuminate/Foundation/Http/Middleware/TransformsRequest.php(21): Illuminate/Pipeline/Pipeline->{closure:{closure:Illuminate/Pipeline/Pipeline::carry():194}:195}(Object(Illuminate/Http/Request))
#35 C:/Users/raven/Downloads/laravel-brs-agenda-penomoran/agenda brs v3/agenda-brs/vendor/laravel/framework/src/Illuminate/Foundation/Http/Middleware/TrimStrings.php(51): Illuminate/Foundation/Http/Middleware/TransformsRequest->handle(Object(Illuminate/Http/Request), Object(Closure))
#36 C:/Users/raven/Downloads/laravel-brs-agenda-penomoran/agenda brs v3/agenda-brs/vendor/laravel/framework/src/Illuminate/Pipeline/Pipeline.php(219): Illuminate/Foundation/Http/Middleware/TrimStrings->handle(Object(Illuminate/Http/Request), Object(Closure))
#37 C:/Users/raven/Downloads/laravel-brs-agenda-penomoran/agenda brs v3/agenda-brs/vendor/laravel/framework/src/Illuminate/Http/Middleware/ValidatePostSize.php(27): Illuminate/Pipeline/Pipeline->{closure:{closure:Illuminate/Pipeline/Pipeline::carry():194}:195}(Object(Illuminate/Http/Request))
#38 C:/Users/raven/Downloads/laravel-brs-agenda-penomoran/agenda brs v3/agenda-brs/vendor/laravel/framework/src/Illuminate/Pipeline/Pipeline.php(219): Illuminate/Http/Middleware/ValidatePostSize->handle(Object(Illuminate/Http/Request), Object(Closure))
#39 C:/Users/raven/Downloads/laravel-brs-agenda-penomoran/agenda brs v3/agenda-brs/vendor/laravel/framework/src/Illuminate/Foundation/Http/Middleware/PreventRequestsDuringMaintenance.php(110): Illuminate/Pipeline/Pipeline->{closure:{closure:Illuminate/Pipeline/Pipeline::carry():194}:195}(Object(Illuminate/Http/Request))
#40 C:/Users/raven/Downloads/laravel-brs-agenda-penomoran/agenda brs v3/agenda-brs/vendor/laravel/framework/src/Illuminate/Pipeline/Pipeline.php(219): Illuminate/Foundation/Http/Middleware/PreventRequestsDuringMaintenance->handle(Object(Illuminate/Http/Request), Object(Closure))
#41 C:/Users/raven/Downloads/laravel-brs-agenda-penomoran/agenda brs v3/agenda-brs/vendor/laravel/framework/src/Illuminate/Http/Middleware/HandleCors.php(61): Illuminate/Pipeline/Pipeline->{closure:{closure:Illuminate/Pipeline/Pipeline::carry():194}:195}(Object(Illuminate/Http/Request))
#42 C:/Users/raven/Downloads/laravel-brs-agenda-penomoran/agenda brs v3/agenda-brs/vendor/laravel/framework/src/Illuminate/Pipeline/Pipeline.php(219): Illuminate/Http/Middleware/HandleCors->handle(Object(Illuminate/Http/Request), Object(Closure))
#43 C:/Users/raven/Downloads/laravel-brs-agenda-penomoran/agenda brs v3/agenda-brs/vendor/laravel/framework/src/Illuminate/Http/Middleware/TrustProxies.php(58): Illuminate/Pipeline/Pipeline->{closure:{closure:Illuminate/Pipeline/Pipeline::carry():194}:195}(Object(Illuminate/Http/Request))
#44 C:/Users/raven/Downloads/laravel-brs-agenda-penomoran/agenda brs v3/agenda-brs/vendor/laravel/framework/src/Illuminate/Pipeline/Pipeline.php(219): Illuminate/Http/Middleware/TrustProxies->handle(Object(Illuminate/Http/Request), Object(Closure))
#45 C:/Users/raven/Downloads/laravel-brs-agenda-penomoran/agenda brs v3/agenda-brs/vendor/laravel/framework/src/Illuminate/Foundation/Http/Middleware/InvokeDeferredCallbacks.php(22): Illuminate/Pipeline/Pipeline->{closure:{closure:Illuminate/Pipeline/Pipeline::carry():194}:195}(Object(Illuminate/Http/Request))
#46 C:/Users/raven/Downloads/laravel-brs-agenda-penomoran/agenda brs v3/agenda-brs/vendor/laravel/framework/src/Illuminate/Pipeline/Pipeline.php(219): Illuminate/Foundation/Http/Middleware/InvokeDeferredCallbacks->handle(Object(Illuminate/Http/Request), Object(Closure))
#47 C:/Users/raven/Downloads/laravel-brs-agenda-penomoran/agenda brs v3/agenda-brs/vendor/laravel/framework/src/Illuminate/Http/Middleware/ValidatePathEncoding.php(28): Illuminate/Pipeline/Pipeline->{closure:{closure:Illuminate/Pipeline/Pipeline::carry():194}:195}(Object(Illuminate/Http/Request))
#48 C:/Users/raven/Downloads/laravel-brs-agenda-penomoran/agenda brs v3/agenda-brs/vendor/laravel/framework/src/Illuminate/Pipeline/Pipeline.php(219): Illuminate/Http/Middleware/ValidatePathEncoding->handle(Object(Illuminate/Http/Request), Object(Closure))
#49 C:/Users/raven/Downloads/laravel-brs-agenda-penomoran/agenda brs v3/agenda-brs/vendor/laravel/framework/src/Illuminate/Pipeline/Pipeline.php(137): Illuminate/Pipeline/Pipeline->{closure:{closure:Illuminate/Pipeline/Pipeline::carry():194}:195}(Object(Illuminate/Http/Request))
#50 C:/Users/raven/Downloads/laravel-brs-agenda-penomoran/agenda brs v3/agenda-brs/vendor/laravel/framework/src/Illuminate/Foundation/Http/Kernel.php(175): Illuminate/Pipeline/Pipeline->then(Object(Closure))
#51 C:/Users/raven/Downloads/laravel-brs-agenda-penomoran/agenda brs v3/agenda-brs/vendor/laravel/framework/src/Illuminate/Foundation/Http/Kernel.php(144): Illuminate/Foundation/Http/Kernel->sendRequestThroughRouter(Object(Illuminate/Http/Request))
#52 C:/Users/raven/Downloads/laravel-brs-agenda-penomoran/agenda brs v3/agenda-brs/vendor/laravel/framework/src/Illuminate/Foundation/Application.php(1227): Illuminate/Foundation/Http/Kernel->handle(Object(Illuminate/Http/Request))
#53 C:/Users/raven/Downloads/laravel-brs-agenda-penomoran/agenda brs v3/agenda-brs/public/index.php(20): Illuminate/Foundation/Application->handleRequest(Object(Illuminate/Http/Request))
#54 C:/Users/raven/Downloads/laravel-brs-agenda-penomoran/agenda brs v3/agenda-brs/vendor/laravel/framework/src/Illuminate/Foundation/resources/server.php(23): require_once('C://Users//raven//...')
#55 {main}

[previous exception] [object] (ReflectionException(code: -1): Class \"App\\Http\\Controllers\\AuthController\" does not exist at C:/Users/raven/Downloads/laravel-brs-agenda-penomoran/agenda brs v3/agenda-brs/vendor/laravel/framework/src/Illuminate/Container/Container.php:1147)
[stacktrace]
#0 C:/Users/raven/Downloads/laravel-brs-agenda-penomoran/agenda brs v3/agenda-brs/vendor/laravel/framework/src/Illuminate/Container/Container.php(1147): ReflectionClass->__construct('App//Http//Contro...')
#1 C:/Users/raven/Downloads/laravel-brs-agenda-penomoran/agenda brs v3/agenda-brs/vendor/laravel/framework/src/Illuminate/Container/Container.php(939): Illuminate/Container/Container->build('App//Http//Contro...')
#2 C:/Users/raven/Downloads/laravel-brs-agenda-penomoran/agenda brs v3/agenda-brs/vendor/laravel/framework/src/Illuminate/Foundation/Application.php(1085): Illuminate/Container/Container->resolve('App//Http//Contro...', Array, true)
#3 C:/Users/raven/Downloads/laravel-brs-agenda-penomoran/agenda brs v3/agenda-brs/vendor/laravel/framework/src/Illuminate/Container/Container.php(867): Illuminate/Foundation/Application->resolve('App//Http//Contro...', Array)
#4 C:/Users/raven/Downloads/laravel-brs-agenda-penomoran/agenda brs v3/agenda-brs/vendor/laravel/framework/src/Illuminate/Foundation/Application.php(1065): Illuminate/Container/Container->make('App//Http//Contro...', Array)
#5 C:/Users/raven/Downloads/laravel-brs-agenda-penomoran/agenda brs v3/agenda-brs/vendor/laravel/framework/src/Illuminate/Routing/Route.php(297): Illuminate/Foundation/Application->make('App//Http//Contro...')
#6 C:/Users/raven/Downloads/laravel-brs-agenda-penomoran/agenda brs v3/agenda-brs/vendor/laravel/framework/src/Illuminate/Routing/Route.php(277): Illuminate/Routing/Route->getController()
#7 C:/Users/raven/Downloads/laravel-brs-agenda-penomoran/agenda brs v3/agenda-brs/vendor/laravel/framework/src/Illuminate/Routing/Route.php(216): Illuminate/Routing/Route->runController()
#8 C:/Users/raven/Downloads/laravel-brs-agenda-penomoran/agenda brs v3/agenda-brs/vendor/laravel/framework/src/Illuminate/Routing/Router.php(822): Illuminate/Routing/Route->run()
#9 C:/Users/raven/Downloads/laravel-brs-agenda-penomoran/agenda brs v3/agenda-brs/vendor/laravel/framework/src/Illuminate/Pipeline/Pipeline.php(180): Illuminate/Routing/Router->{closure:Illuminate/Routing/Router::runRouteWithinStack():821}(Object(Illuminate/Http/Request))
#10 C:/Users/raven/Downloads/laravel-brs-agenda-penomoran/agenda brs v3/agenda-brs/vendor/laravel/framework/src/Illuminate/Auth/Middleware/RedirectIfAuthenticated.php(47): Illuminate/Pipeline/Pipeline->{closure:Illuminate/Pipeline/Pipeline::prepareDestination():178}(Object(Illuminate/Http/Request))
#11 C:/Users/raven/Downloads/laravel-brs-agenda-penomoran/agenda brs v3/agenda-brs/vendor/laravel/framework/src/Illuminate/Pipeline/Pipeline.php(219): Illuminate/Auth/Middleware/RedirectIfAuthenticated->handle(Object(Illuminate/Http/Request), Object(Closure))
#12 C:/Users/raven/Downloads/laravel-brs-agenda-penomoran/agenda brs v3/agenda-brs/vendor/laravel/framework/src/Illuminate/Routing/Middleware/SubstituteBindings.php(52): Illuminate/Pipeline/Pipeline->{closure:{closure:Illuminate/Pipeline/Pipeline::carry():194}:195}(Object(Illuminate/Http/Request))
#13 C:/Users/raven/Downloads/laravel-brs-agenda-penomoran/agenda brs v3/agenda-brs/vendor/laravel/framework/src/Illuminate/Pipeline/Pipeline.php(219): Illuminate/Routing/Middleware/SubstituteBindings->handle(Object(Illuminate/Http/Request), Object(Closure))
#14 C:/Users/raven/Downloads/laravel-brs-agenda-penomoran/agenda brs v3/agenda-brs/vendor/laravel/framework/src/Illuminate/Foundation/Http/Middleware/PreventRequestForgery.php(104): Illuminate/Pipeline/Pipeline->{closure:{closure:Illuminate/Pipeline/Pipeline::carry():194}:195}(Object(Illuminate/Http/Request))
#15 C:/Users/raven/Downloads/laravel-brs-agenda-penomoran/agenda brs v3/agenda-brs/vendor/laravel/framework/src/Illuminate/Pipeline/Pipeline.php(219): Illuminate/Foundation/Http/Middleware/PreventRequestForgery->handle(Object(Illuminate/Http/Request), Object(Closure))
#16 C:/Users/raven/Downloads/laravel-brs-agenda-penomoran/agenda brs v3/agenda-brs/vendor/laravel/framework/src/Illuminate/View/Middleware/ShareErrorsFromSession.php(48): Illuminate/Pipeline/Pipeline->{closure:{closure:Illuminate/Pipeline/Pipeline::carry():194}:195}(Object(Illuminate/Http/Request))
#17 C:/Users/raven/Downloads/laravel-brs-agenda-penomoran/agenda brs v3/agenda-brs/vendor/laravel/framework/src/Illuminate/Pipeline/Pipeline.php(219): Illuminate/View/Middleware/ShareErrorsFromSession->handle(Object(Illuminate/Http/Request), Object(Closure))
#18 C:/Users/raven/Downloads/laravel-brs-agenda-penomoran/agenda brs v3/agenda-brs/vendor/laravel/framework/src/Illuminate/Session/Middleware/StartSession.php(120): Illuminate/Pipeline/Pipeline->{closure:{closure:Illuminate/Pipeline/Pipeline::carry():194}:195}(Object(Illuminate/Http/Request))
#19 C:/Users/raven/Downloads/laravel-brs-agenda-penomoran/agenda brs v3/agenda-brs/vendor/laravel/framework/src/Illuminate/Session/Middleware/StartSession.php(63): Illuminate/Session/Middleware/StartSession->handleStatefulRequest(Object(Illuminate/Http/Request), Object(Illuminate/Session/Store), Object(Closure))
#20 C:/Users/raven/Downloads/laravel-brs-agenda-penomoran/agenda brs v3/agenda-brs/vendor/laravel/framework/src/Illuminate/Pipeline/Pipeline.php(219): Illuminate/Session/Middleware/StartSession->handle(Object(Illuminate/Http/Request), Object(Closure))
#21 C:/Users/raven/Downloads/laravel-brs-agenda-penomoran/agenda brs v3/agenda-brs/vendor/laravel/framework/src/Illuminate/Cookie/Middleware/AddQueuedCookiesToResponse.php(36): Illuminate/Pipeline/Pipeline->{closure:{closure:Illuminate/Pipeline/Pipeline::carry():194}:195}(Object(Illuminate/Http/Request))
#22 C:/Users/raven/Downloads/laravel-brs-agenda-penomoran/agenda brs v3/agenda-brs/vendor/laravel/framework/src/Illuminate/Pipeline/Pipeline.php(219): Illuminate/Cookie/Middleware/AddQueuedCookiesToResponse->handle(Object(Illuminate/Http/Request), Object(Closure))
#23 C:/Users/raven/Downloads/laravel-brs-agenda-penomoran/agenda brs v3/agenda-brs/vendor/laravel/framework/src/Illuminate/Cookie/Middleware/EncryptCookies.php(74): Illuminate/Pipeline/Pipeline->{closure:{closure:Illuminate/Pipeline/Pipeline::carry():194}:195}(Object(Illuminate/Http/Request))
#24 C:/Users/raven/Downloads/laravel-brs-agenda-penomoran/agenda brs v3/agenda-brs/vendor/laravel/framework/src/Illuminate/Pipeline/Pipeline.php(219): Illuminate/Cookie/Middleware/EncryptCookies->handle(Object(Illuminate/Http/Request), Object(Closure))
#25 C:/Users/raven/Downloads/laravel-brs-agenda-penomoran/agenda brs v3/agenda-brs/vendor/laravel/framework/src/Illuminate/Pipeline/Pipeline.php(137): Illuminate/Pipeline/Pipeline->{closure:{closure:Illuminate/Pipeline/Pipeline::carry():194}:195}(Object(Illuminate/Http/Request))
#26 C:/Users/raven/Downloads/laravel-brs-agenda-penomoran/agenda brs v3/agenda-brs/vendor/laravel/framework/src/Illuminate/Routing/Router.php(821): Illuminate/Pipeline/Pipeline->then(Object(Closure))
#27 C:/Users/raven/Downloads/laravel-brs-agenda-penomoran/agenda brs v3/agenda-brs/vendor/laravel/framework/src/Illuminate/Routing/Router.php(800): Illuminate/Routing/Router->runRouteWithinStack(Object(Illuminate/Routing/Route), Object(Illuminate/Http/Request))
#28 C:/Users/raven/Downloads/laravel-brs-agenda-penomoran/agenda brs v3/agenda-brs/vendor/laravel/framework/src/Illuminate/Routing/Router.php(764): Illuminate/Routing/Router->runRoute(Object(Illuminate/Http/Request), Object(Illuminate/Routing/Route))
#29 C:/Users/raven/Downloads/laravel-brs-agenda-penomoran/agenda brs v3/agenda-brs/vendor/laravel/framework/src/Illuminate/Routing/Router.php(753): Illuminate/Routing/Router->dispatchToRoute(Object(Illuminate/Http/Request))
#30 C:/Users/raven/Downloads/laravel-brs-agenda-penomoran/agenda brs v3/agenda-brs/vendor/laravel/framework/src/Illuminate/Foundation/Http/Kernel.php(200): Illuminate/Routing/Router->dispatch(Object(Illuminate/Http/Request))
#31 C:/Users/raven/Downloads/laravel-brs-agenda-penomoran/agenda brs v3/agenda-brs/vendor/laravel/framework/src/Illuminate/Pipeline/Pipeline.php(180): Illuminate/Foundation/Http/Kernel->{closure:Illuminate/Foundation/Http/Kernel::dispatchToRouter():197}(Object(Illuminate/Http/Request))
#32 C:/Users/raven/Downloads/laravel-brs-agenda-penomoran/agenda brs v3/agenda-brs/vendor/laravel/framework/src/Illuminate/Foundation/Http/Middleware/TransformsRequest.php(21): Illuminate/Pipeline/Pipeline->{closure:Illuminate/Pipeline/Pipeline::prepareDestination():178}(Object(Illuminate/Http/Request))
#33 C:/Users/raven/Downloads/laravel-brs-agenda-penomoran/agenda brs v3/agenda-brs/vendor/laravel/framework/src/Illuminate/Foundation/Http/Middleware/ConvertEmptyStringsToNull.php(31): Illuminate/Foundation/Http/Middleware/TransformsRequest->handle(Object(Illuminate/Http/Request), Object(Closure))
#34 C:/Users/raven/Downloads/laravel-brs-agenda-penomoran/agenda brs v3/agenda-brs/vendor/laravel/framework/src/Illuminate/Pipeline/Pipeline.php(219): Illuminate/Foundation/Http/Middleware/ConvertEmptyStringsToNull->handle(Object(Illuminate/Http/Request), Object(Closure))
#35 C:/Users/raven/Downloads/laravel-brs-agenda-penomoran/agenda brs v3/agenda-brs/vendor/laravel/framework/src/Illuminate/Foundation/Http/Middleware/TransformsRequest.php(21): Illuminate/Pipeline/Pipeline->{closure:{closure:Illuminate/Pipeline/Pipeline::carry():194}:195}(Object(Illuminate/Http/Request))
#36 C:/Users/raven/Downloads/laravel-brs-agenda-penomoran/agenda brs v3/agenda-brs/vendor/laravel/framework/src/Illuminate/Foundation/Http/Middleware/TrimStrings.php(51): Illuminate/Foundation/Http/Middleware/TransformsRequest->handle(Object(Illuminate/Http/Request), Object(Closure))
#37 C:/Users/raven/Downloads/laravel-brs-agenda-penomoran/agenda brs v3/agenda-brs/vendor/laravel/framework/src/Illuminate/Pipeline/Pipeline.php(219): Illuminate/Foundation/Http/Middleware/TrimStrings->handle(Object(Illuminate/Http/Request), Object(Closure))
#38 C:/Users/raven/Downloads/laravel-brs-agenda-penomoran/agenda brs v3/agenda-brs/vendor/laravel/framework/src/Illuminate/Http/Middleware/ValidatePostSize.php(27): Illuminate/Pipeline/Pipeline->{closure:{closure:Illuminate/Pipeline/Pipeline::carry():194}:195}(Object(Illuminate/Http/Request))
#39 C:/Users/raven/Downloads/laravel-brs-agenda-penomoran/agenda brs v3/agenda-brs/vendor/laravel/framework/src/Illuminate/Pipeline/Pipeline.php(219): Illuminate/Http/Middleware/ValidatePostSize->handle(Object(Illuminate/Http/Request), Object(Closure))
#40 C:/Users/raven/Downloads/laravel-brs-agenda-penomoran/agenda brs v3/agenda-brs/vendor/laravel/framework/src/Illuminate/Foundation/Http/Middleware/PreventRequestsDuringMaintenance.php(110): Illuminate/Pipeline/Pipeline->{closure:{closure:Illuminate/Pipeline/Pipeline::carry():194}:195}(Object(Illuminate/Http/Request))
#41 C:/Users/raven/Downloads/laravel-brs-agenda-penomoran/agenda brs v3/agenda-brs/vendor/laravel/framework/src/Illuminate/Pipeline/Pipeline.php(219): Illuminate/Foundation/Http/Middleware/PreventRequestsDuringMaintenance->handle(Object(Illuminate/Http/Request), Object(Closure))
#42 C:/Users/raven/Downloads/laravel-brs-agenda-penomoran/agenda brs v3/agenda-brs/vendor/laravel/framework/src/Illuminate/Http/Middleware/HandleCors.php(61): Illuminate/Pipeline/Pipeline->{closure:{closure:Illuminate/Pipeline/Pipeline::carry():194}:195}(Object(Illuminate/Http/Request))
#43 C:/Users/raven/Downloads/laravel-brs-agenda-penomoran/agenda brs v3/agenda-brs/vendor/laravel/framework/src/Illuminate/Pipeline/Pipeline.php(219): Illuminate/Http/Middleware/HandleCors->handle(Object(Illuminate/Http/Request), Object(Closure))
#44 C:/Users/raven/Downloads/laravel-brs-agenda-penomoran/agenda brs v3/agenda-brs/vendor/laravel/framework/src/Illuminate/Http/Middleware/TrustProxies.php(58): Illuminate/Pipeline/Pipeline->{closure:{closure:Illuminate/Pipeline/Pipeline::carry():194}:195}(Object(Illuminate/Http/Request))
#45 C:/Users/raven/Downloads/laravel-brs-agenda-penomoran/agenda brs v3/agenda-brs/vendor/laravel/framework/src/Illuminate/Pipeline/Pipeline.php(219): Illuminate/Http/Middleware/TrustProxies->handle(Object(Illuminate/Http/Request), Object(Closure))
#46 C:/Users/raven/Downloads/laravel-brs-agenda-penomoran/agenda brs v3/agenda-brs/vendor/laravel/framework/src/Illuminate/Foundation/Http/Middleware/InvokeDeferredCallbacks.php(22): Illuminate/Pipeline/Pipeline->{closure:{closure:Illuminate/Pipeline/Pipeline::carry():194}:195}(Object(Illuminate/Http/Request))
#47 C:/Users/raven/Downloads/laravel-brs-agenda-penomoran/agenda brs v3/agenda-brs/vendor/laravel/framework/src/Illuminate/Pipeline/Pipeline.php(219): Illuminate/Foundation/Http/Middleware/InvokeDeferredCallbacks->handle(Object(Illuminate/Http/Request), Object(Closure))
#48 C:/Users/raven/Downloads/laravel-brs-agenda-penomoran/agenda brs v3/agenda-brs/vendor/laravel/framework/src/Illuminate/Http/Middleware/ValidatePathEncoding.php(28): Illuminate/Pipeline/Pipeline->{closure:{closure:Illuminate/Pipeline/Pipeline::carry():194}:195}(Object(Illuminate/Http/Request))
#49 C:/Users/raven/Downloads/laravel-brs-agenda-penomoran/agenda brs v3/agenda-brs/vendor/laravel/framework/src/Illuminate/Pipeline/Pipeline.php(219): Illuminate/Http/Middleware/ValidatePathEncoding->handle(Object(Illuminate/Http/Request), Object(Closure))
#50 C:/Users/raven/Downloads/laravel-brs-agenda-penomoran/agenda brs v3/agenda-brs/vendor/laravel/framework/src/Illuminate/Pipeline/Pipeline.php(137): Illuminate/Pipeline/Pipeline->{closure:{closure:Illuminate/Pipeline/Pipeline::carry():194}:195}(Object(Illuminate/Http/Request))
#51 C:/Users/raven/Downloads/laravel-brs-agenda-penomoran/agenda brs v3/agenda-brs/vendor/laravel/framework/src/Illuminate/Foundation/Http/Kernel.php(175): Illuminate/Pipeline/Pipeline->then(Object(Closure))
#52 C:/Users/raven/Downloads/laravel-brs-agenda-penomoran/agenda brs v3/agenda-brs/vendor/laravel/framework/src/Illuminate/Foundation/Http/Kernel.php(144): Illuminate/Foundation/Http/Kernel->sendRequestThroughRouter(Object(Illuminate/Http/Request))
#53 C:/Users/raven/Downloads/laravel-brs-agenda-penomoran/agenda brs v3/agenda-brs/vendor/laravel/framework/src/Illuminate/Foundation/Application.php(1227): Illuminate/Foundation/Http/Kernel->handle(Object(Illuminate/Http/Request))
#54 C:/Users/raven/Downloads/laravel-brs-agenda-penomoran/agenda brs v3/agenda-brs/public/index.php(20): Illuminate/Foundation/Application->handleRequest(Object(Illuminate/Http/Request))
#55 C:/Users/raven/Downloads/laravel-brs-agenda-penomoran/agenda brs v3/agenda-brs/vendor/laravel/framework/src/Illuminate/Foundation/resources/server.php(23): require_once('C://Users//raven//...')
#56 {main}
"} 
[2026-08-29 09:27:38] local.ERROR: Target class [App\Http\Controllers\AuthController] does not exist. {"exception":"[object] (Illuminate\\Contracts\\Container\\BindingResolutionException(code: 0): Target class [App\\Http\\Controllers\\AuthController] does not exist. at C:/Users/raven/Downloads/laravel-brs-agenda-penomoran/agenda brs v3/agenda-brs/vendor/laravel/framework/src/Illuminate/Container/Container.php:1149)
[stacktrace]
#0 C:/Users/raven/Downloads/laravel-brs-agenda-penomoran/agenda brs v3/agenda-brs/vendor/laravel/framework/src/Illuminate/Container/Container.php(939): Illuminate/Container/Container->build('App//Http//Contro...')
#1 C:/Users/raven/Downloads/laravel-brs-agenda-penomoran/agenda brs v3/agenda-brs/vendor/laravel/framework/src/Illuminate/Foundation/Application.php(1085): Illuminate/Container/Container->resolve('App//Http//Contro...', Array, true)
#2 C:/Users/raven/Downloads/laravel-brs-agenda-penomoran/agenda brs v3/agenda-brs/vendor/laravel/framework/src/Illuminate/Container/Container.php(867): Illuminate/Foundation/Application->resolve('App//Http//Contro...', Array)
#3 C:/Users/raven/Downloads/laravel-brs-agenda-penomoran/agenda brs v3/agenda-brs/vendor/laravel/framework/src/Illuminate/Foundation/Application.php(1065): Illuminate/Container/Container->make('App//Http//Contro...', Array)
#4 C:/Users/raven/Downloads/laravel-brs-agenda-penomoran/agenda brs v3/agenda-brs/vendor/laravel/framework/src/Illuminate/Routing/Route.php(297): Illuminate/Foundation/Application->make('App//Http//Contro...')
#5 C:/Users/raven/Downloads/laravel-brs-agenda-penomoran/agenda brs v3/agenda-brs/vendor/laravel/framework/src/Illuminate/Routing/Route.php(277): Illuminate/Routing/Route->getController()
#6 C:/Users/raven/Downloads/laravel-brs-agenda-penomoran/agenda brs v3/agenda-brs/vendor/laravel/framework/src/Illuminate/Routing/Route.php(216): Illuminate/Routing/Route->runController()
#7 C:/Users/raven/Downloads/laravel-brs-agenda-penomoran/agenda brs v3/agenda-brs/vendor/laravel/framework/src/Illuminate/Routing/Router.php(822): Illuminate/Routing/Route->run()
#8 C:/Users/raven/Downloads/laravel-brs-agenda-penomoran/agenda brs v3/agenda-brs/vendor/laravel/framework/src/Illuminate/Pipeline/Pipeline.php(180): Illuminate/Routing/Router->{closure:Illuminate/Routing/Router::runRouteWithinStack():821}(Object(Illuminate/Http/Request))
#9 C:/Users/raven/Downloads/laravel-brs-agenda-penomoran/agenda brs v3/agenda-brs/vendor/laravel/framework/src/Illuminate/Auth/Middleware/RedirectIfAuthenticated.php(47): Illuminate/Pipeline/Pipeline->{closure:Illuminate/Pipeline/Pipeline::prepareDestination():178}(Object(Illuminate/Http/Request))
#10 C:/Users/raven/Downloads/laravel-brs-agenda-penomoran/agenda brs v3/agenda-brs/vendor/laravel/framework/src/Illuminate/Pipeline/Pipeline.php(219): Illuminate/Auth/Middleware/RedirectIfAuthenticated->handle(Object(Illuminate/Http/Request), Object(Closure))
#11 C:/Users/raven/Downloads/laravel-brs-agenda-penomoran/agenda brs v3/agenda-brs/vendor/laravel/framework/src/Illuminate/Routing/Middleware/SubstituteBindings.php(52): Illuminate/Pipeline/Pipeline->{closure:{closure:Illuminate/Pipeline/Pipeline::carry():194}:195}(Object(Illuminate/Http/Request))
#12 C:/Users/raven/Downloads/laravel-brs-agenda-penomoran/agenda brs v3/agenda-brs/vendor/laravel/framework/src/Illuminate/Pipeline/Pipeline.php(219): Illuminate/Routing/Middleware/SubstituteBindings->handle(Object(Illuminate/Http/Request), Object(Closure))
#13 C:/Users/raven/Downloads/laravel-brs-agenda-penomoran/agenda brs v3/agenda-brs/vendor/laravel/framework/src/Illuminate/Foundation/Http/Middleware/PreventRequestForgery.php(104): Illuminate/Pipeline/Pipeline->{closure:{closure:Illuminate/Pipeline/Pipeline::carry():194}:195}(Object(Illuminate/Http/Request))
#14 C:/Users/raven/Downloads/laravel-brs-agenda-penomoran/agenda brs v3/agenda-brs/vendor/laravel/framework/src/Illuminate/Pipeline/Pipeline.php(219): Illuminate/Foundation/Http/Middleware/PreventRequestForgery->handle(Object(Illuminate/Http/Request), Object(Closure))
#15 C:/Users/raven/Downloads/laravel-brs-agenda-penomoran/agenda brs v3/agenda-brs/vendor/laravel/framework/src/Illuminate/View/Middleware/ShareErrorsFromSession.php(48): Illuminate/Pipeline/Pipeline->{closure:{closure:Illuminate/Pipeline/Pipeline::carry():194}:195}(Object(Illuminate/Http/Request))
#16 C:/Users/raven/Downloads/laravel-brs-agenda-penomoran/agenda brs v3/agenda-brs/vendor/laravel/framework/src/Illuminate/Pipeline/Pipeline.php(219): Illuminate/View/Middleware/ShareErrorsFromSession->handle(Object(Illuminate/Http/Request), Object(Closure))
#17 C:/Users/raven/Downloads/laravel-brs-agenda-penomoran/agenda brs v3/agenda-brs/vendor/laravel/framework/src/Illuminate/Session/Middleware/StartSession.php(120): Illuminate/Pipeline/Pipeline->{closure:{closure:Illuminate/Pipeline/Pipeline::carry():194}:195}(Object(Illuminate/Http/Request))
#18 C:/Users/raven/Downloads/laravel-brs-agenda-penomoran/agenda brs v3/agenda-brs/vendor/laravel/framework/src/Illuminate/Session/Middleware/StartSession.php(63): Illuminate/Session/Middleware/StartSession->handleStatefulRequest(Object(Illuminate/Http/Request), Object(Illuminate/Session/Store), Object(Closure))
#19 C:/Users/raven/Downloads/laravel-brs-agenda-penomoran/agenda brs v3/agenda-brs/vendor/laravel/framework/src/Illuminate/Pipeline/Pipeline.php(219): Illuminate/Session/Middleware/StartSession->handle(Object(Illuminate/Http/Request), Object(Closure))
#20 C:/Users/raven/Downloads/laravel-brs-agenda-penomoran/agenda brs v3/agenda-brs/vendor/laravel/framework/src/Illuminate/Cookie/Middleware/AddQueuedCookiesToResponse.php(36): Illuminate/Pipeline/Pipeline->{closure:{closure:Illuminate/Pipeline/Pipeline::carry():194}:195}(Object(Illuminate/Http/Request))
#21 C:/Users/raven/Downloads/laravel-brs-agenda-penomoran/agenda brs v3/agenda-brs/vendor/laravel/framework/src/Illuminate/Pipeline/Pipeline.php(219): Illuminate/Cookie/Middleware/AddQueuedCookiesToResponse->handle(Object(Illuminate/Http/Request), Object(Closure))
#22 C:/Users/raven/Downloads/laravel-brs-agenda-penomoran/agenda brs v3/agenda-brs/vendor/laravel/framework/src/Illuminate/Cookie/Middleware/EncryptCookies.php(74): Illuminate/Pipeline/Pipeline->{closure:{closure:Illuminate/Pipeline/Pipeline::carry():194}:195}(Object(Illuminate/Http/Request))
#23 C:/Users/raven/Downloads/laravel-brs-agenda-penomoran/agenda brs v3/agenda-brs/vendor/laravel/framework/src/Illuminate/Pipeline/Pipeline.php(219): Illuminate/Cookie/Middleware/EncryptCookies->handle(Object(Illuminate/Http/Request), Object(Closure))
#24 C:/Users/raven/Downloads/laravel-brs-agenda-penomoran/agenda brs v3/agenda-brs/vendor/laravel/framework/src/Illuminate/Pipeline/Pipeline.php(137): Illuminate/Pipeline/Pipeline->{closure:{closure:Illuminate/Pipeline/Pipeline::carry():194}:195}(Object(Illuminate/Http/Request))
#25 C:/Users/raven/Downloads/laravel-brs-agenda-penomoran/agenda brs v3/agenda-brs/vendor/laravel/framework/src/Illuminate/Routing/Router.php(821): Illuminate/Pipeline/Pipeline->then(Object(Closure))
#26 C:/Users/raven/Downloads/laravel-brs-agenda-penomoran/agenda brs v3/agenda-brs/vendor/laravel/framework/src/Illuminate/Routing/Router.php(800): Illuminate/Routing/Router->runRouteWithinStack(Object(Illuminate/Routing/Route), Object(Illuminate/Http/Request))
#27 C:/Users/raven/Downloads/laravel-brs-agenda-penomoran/agenda brs v3/agenda-brs/vendor/laravel/framework/src/Illuminate/Routing/Router.php(764): Illuminate/Routing/Router->runRoute(Object(Illuminate/Http/Request), Object(Illuminate/Routing/Route))
#28 C:/Users/raven/Downloads/laravel-brs-agenda-penomoran/agenda brs v3/agenda-brs/vendor/laravel/framework/src/Illuminate/Routing/Router.php(753): Illuminate/Routing/Router->dispatchToRoute(Object(Illuminate/Http/Request))
#29 C:/Users/raven/Downloads/laravel-brs-agenda-penomoran/agenda brs v3/agenda-brs/vendor/laravel/framework/src/Illuminate/Foundation/Http/Kernel.php(200): Illuminate/Routing/Router->dispatch(Object(Illuminate/Http/Request))
#30 C:/Users/raven/Downloads/laravel-brs-agenda-penomoran/agenda brs v3/agenda-brs/vendor/laravel/framework/src/Illuminate/Pipeline/Pipeline.php(180): Illuminate/Foundation/Http/Kernel->{closure:Illuminate/Foundation/Http/Kernel::dispatchToRouter():197}(Object(Illuminate/Http/Request))
#31 C:/Users/raven/Downloads/laravel-brs-agenda-penomoran/agenda brs v3/agenda-brs/vendor/laravel/framework/src/Illuminate/Foundation/Http/Middleware/TransformsRequest.php(21): Illuminate/Pipeline/Pipeline->{closure:Illuminate/Pipeline/Pipeline::prepareDestination():178}(Object(Illuminate/Http/Request))
#32 C:/Users/raven/Downloads/laravel-brs-agenda-penomoran/agenda brs v3/agenda-brs/vendor/laravel/framework/src/Illuminate/Foundation/Http/Middleware/ConvertEmptyStringsToNull.php(31): Illuminate/Foundation/Http/Middleware/TransformsRequest->handle(Object(Illuminate/Http/Request), Object(Closure))
#33 C:/Users/raven/Downloads/laravel-brs-agenda-penomoran/agenda brs v3/agenda-brs/vendor/laravel/framework/src/Illuminate/Pipeline/Pipeline.php(219): Illuminate/Foundation/Http/Middleware/ConvertEmptyStringsToNull->handle(Object(Illuminate/Http/Request), Object(Closure))
#34 C:/Users/raven/Downloads/laravel-brs-agenda-penomoran/agenda brs v3/agenda-brs/vendor/laravel/framework/src/Illuminate/Foundation/Http/Middleware/TransformsRequest.php(21): Illuminate/Pipeline/Pipeline->{closure:{closure:Illuminate/Pipeline/Pipeline::carry():194}:195}(Object(Illuminate/Http/Request))
#35 C:/Users/raven/Downloads/laravel-brs-agenda-penomoran/agenda brs v3/agenda-brs/vendor/laravel/framework/src/Illuminate/Foundation/Http/Middleware/TrimStrings.php(51): Illuminate/Foundation/Http/Middleware/TransformsRequest->handle(Object(Illuminate/Http/Request), Object(Closure))
#36 C:/Users/raven/Downloads/laravel-brs-agenda-penomoran/agenda brs v3/agenda-brs/vendor/laravel/framework/src/Illuminate/Pipeline/Pipeline.php(219): Illuminate/Foundation/Http/Middleware/TrimStrings->handle(Object(Illuminate/Http/Request), Object(Closure))
#37 C:/Users/raven/Downloads/laravel-brs-agenda-penomoran/agenda brs v3/agenda-brs/vendor/laravel/framework/src/Illuminate/Http/Middleware/ValidatePostSize.php(27): Illuminate/Pipeline/Pipeline->{closure:{closure:Illuminate/Pipeline/Pipeline::carry():194}:195}(Object(Illuminate/Http/Request))
#38 C:/Users/raven/Downloads/laravel-brs-agenda-penomoran/agenda brs v3/agenda-brs/vendor/laravel/framework/src/Illuminate/Pipeline/Pipeline.php(219): Illuminate/Http/Middleware/ValidatePostSize->handle(Object(Illuminate/Http/Request), Object(Closure))
#39 C:/Users/raven/Downloads/laravel-brs-agenda-penomoran/agenda brs v3/agenda-brs/vendor/laravel/framework/src/Illuminate/Foundation/Http/Middleware/PreventRequestsDuringMaintenance.php(110): Illuminate/Pipeline/Pipeline->{closure:{closure:Illuminate/Pipeline/Pipeline::carry():194}:195}(Object(Illuminate/Http/Request))
#40 C:/Users/raven/Downloads/laravel-brs-agenda-penomoran/agenda brs v3/agenda-brs/vendor/laravel/framework/src/Illuminate/Pipeline/Pipeline.php(219): Illuminate/Foundation/Http/Middleware/PreventRequestsDuringMaintenance->handle(Object(Illuminate/Http/Request), Object(Closure))
#41 C:/Users/raven/Downloads/laravel-brs-agenda-penomoran/agenda brs v3/agenda-brs/vendor/laravel/framework/src/Illuminate/Http/Middleware/HandleCors.php(61): Illuminate/Pipeline/Pipeline->{closure:{closure:Illuminate/Pipeline/Pipeline::carry():194}:195}(Object(Illuminate/Http/Request))
#42 C:/Users/raven/Downloads/laravel-brs-agenda-penomoran/agenda brs v3/agenda-brs/vendor/laravel/framework/src/Illuminate/Pipeline/Pipeline.php(219): Illuminate/Http/Middleware/HandleCors->handle(Object(Illuminate/Http/Request), Object(Closure))
#43 C:/Users/raven/Downloads/laravel-brs-agenda-penomoran/agenda brs v3/agenda-brs/vendor/laravel/framework/src/Illuminate/Http/Middleware/TrustProxies.php(58): Illuminate/Pipeline/Pipeline->{closure:{closure:Illuminate/Pipeline/Pipeline::carry():194}:195}(Object(Illuminate/Http/Request))
#44 C:/Users/raven/Downloads/laravel-brs-agenda-penomoran/agenda brs v3/agenda-brs/vendor/laravel/framework/src/Illuminate/Pipeline/Pipeline.php(219): Illuminate/Http/Middleware/TrustProxies->handle(Object(Illuminate/Http/Request), Object(Closure))
#45 C:/Users/raven/Downloads/laravel-brs-agenda-penomoran/agenda brs v3/agenda-brs/vendor/laravel/framework/src/Illuminate/Foundation/Http/Middleware/InvokeDeferredCallbacks.php(22): Illuminate/Pipeline/Pipeline->{closure:{closure:Illuminate/Pipeline/Pipeline::carry():194}:195}(Object(Illuminate/Http/Request))
#46 C:/Users/raven/Downloads/laravel-brs-agenda-penomoran/agenda brs v3/agenda-brs/vendor/laravel/framework/src/Illuminate/Pipeline/Pipeline.php(219): Illuminate/Foundation/Http/Middleware/InvokeDeferredCallbacks->handle(Object(Illuminate/Http/Request), Object(Closure))
#47 C:/Users/raven/Downloads/laravel-brs-agenda-penomoran/agenda brs v3/agenda-brs/vendor/laravel/framework/src/Illuminate/Http/Middleware/ValidatePathEncoding.php(28): Illuminate/Pipeline/Pipeline->{closure:{closure:Illuminate/Pipeline/Pipeline::carry():194}:195}(Object(Illuminate/Http/Request))
#48 C:/Users/raven/Downloads/laravel-brs-agenda-penomoran/agenda brs v3/agenda-brs/vendor/laravel/framework/src/Illuminate/Pipeline/Pipeline.php(219): Illuminate/Http/Middleware/ValidatePathEncoding->handle(Object(Illuminate/Http/Request), Object(Closure))
#49 C:/Users/raven/Downloads/laravel-brs-agenda-penomoran/agenda brs v3/agenda-brs/vendor/laravel/framework/src/Illuminate/Pipeline/Pipeline.php(137): Illuminate/Pipeline/Pipeline->{closure:{closure:Illuminate/Pipeline/Pipeline::carry():194}:195}(Object(Illuminate/Http/Request))
#50 C:/Users/raven/Downloads/laravel-brs-agenda-penomoran/agenda brs v3/agenda-brs/vendor/laravel/framework/src/Illuminate/Foundation/Http/Kernel.php(175): Illuminate/Pipeline/Pipeline->then(Object(Closure))
#51 C:/Users/raven/Downloads/laravel-brs-agenda-penomoran/agenda brs v3/agenda-brs/vendor/laravel/framework/src/Illuminate/Foundation/Http/Kernel.php(144): Illuminate/Foundation/Http/Kernel->sendRequestThroughRouter(Object(Illuminate/Http/Request))
#52 C:/Users/raven/Downloads/laravel-brs-agenda-penomoran/agenda brs v3/agenda-brs/vendor/laravel/framework/src/Illuminate/Foundation/Application.php(1227): Illuminate/Foundation/Http/Kernel->handle(Object(Illuminate/Http/Request))
#53 C:/Users/raven/Downloads/laravel-brs-agenda-penomoran/agenda brs v3/agenda-brs/public/index.php(20): Illuminate/Foundation/Application->handleRequest(Object(Illuminate/Http/Request))
#54 C:/Users/raven/Downloads/laravel-brs-agenda-penomoran/agenda brs v3/agenda-brs/vendor/laravel/framework/src/Illuminate/Foundation/resources/server.php(23): require_once('C://Users//raven//...')
#55 {main}

[previous exception] [object] (ReflectionException(code: -1): Class \"App\\Http\\Controllers\\AuthController\" does not exist at C:/Users/raven/Downloads/laravel-brs-agenda-penomoran/agenda brs v3/agenda-brs/vendor/laravel/framework/src/Illuminate/Container/Container.php:1147)
[stacktrace]
#0 C:/Users/raven/Downloads/laravel-brs-agenda-penomoran/agenda brs v3/agenda-brs/vendor/laravel/framework/src/Illuminate/Container/Container.php(1147): ReflectionClass->__construct('App//Http//Contro...')
#1 C:/Users/raven/Downloads/laravel-brs-agenda-penomoran/agenda brs v3/agenda-brs/vendor/laravel/framework/src/Illuminate/Container/Container.php(939): Illuminate/Container/Container->build('App//Http//Contro...')
#2 C:/Users/raven/Downloads/laravel-brs-agenda-penomoran/agenda brs v3/agenda-brs/vendor/laravel/framework/src/Illuminate/Foundation/Application.php(1085): Illuminate/Container/Container->resolve('App//Http//Contro...', Array, true)
#3 C:/Users/raven/Downloads/laravel-brs-agenda-penomoran/agenda brs v3/agenda-brs/vendor/laravel/framework/src/Illuminate/Container/Container.php(867): Illuminate/Foundation/Application->resolve('App//Http//Contro...', Array)
#4 C:/Users/raven/Downloads/laravel-brs-agenda-penomoran/agenda brs v3/agenda-brs/vendor/laravel/framework/src/Illuminate/Foundation/Application.php(1065): Illuminate/Container/Container->make('App//Http//Contro...', Array)
#5 C:/Users/raven/Downloads/laravel-brs-agenda-penomoran/agenda brs v3/agenda-brs/vendor/laravel/framework/src/Illuminate/Routing/Route.php(297): Illuminate/Foundation/Application->make('App//Http//Contro...')
#6 C:/Users/raven/Downloads/laravel-brs-agenda-penomoran/agenda brs v3/agenda-brs/vendor/laravel/framework/src/Illuminate/Routing/Route.php(277): Illuminate/Routing/Route->getController()
#7 C:/Users/raven/Downloads/laravel-brs-agenda-penomoran/agenda brs v3/agenda-brs/vendor/laravel/framework/src/Illuminate/Routing/Route.php(216): Illuminate/Routing/Route->runController()
#8 C:/Users/raven/Downloads/laravel-brs-agenda-penomoran/agenda brs v3/agenda-brs/vendor/laravel/framework/src/Illuminate/Routing/Router.php(822): Illuminate/Routing/Route->run()
#9 C:/Users/raven/Downloads/laravel-brs-agenda-penomoran/agenda brs v3/agenda-brs/vendor/laravel/framework/src/Illuminate/Pipeline/Pipeline.php(180): Illuminate/Routing/Router->{closure:Illuminate/Routing/Router::runRouteWithinStack():821}(Object(Illuminate/Http/Request))
#10 C:/Users/raven/Downloads/laravel-brs-agenda-penomoran/agenda brs v3/agenda-brs/vendor/laravel/framework/src/Illuminate/Auth/Middleware/RedirectIfAuthenticated.php(47): Illuminate/Pipeline/Pipeline->{closure:Illuminate/Pipeline/Pipeline::prepareDestination():178}(Object(Illuminate/Http/Request))
#11 C:/Users/raven/Downloads/laravel-brs-agenda-penomoran/agenda brs v3/agenda-brs/vendor/laravel/framework/src/Illuminate/Pipeline/Pipeline.php(219): Illuminate/Auth/Middleware/RedirectIfAuthenticated->handle(Object(Illuminate/Http/Request), Object(Closure))
#12 C:/Users/raven/Downloads/laravel-brs-agenda-penomoran/agenda brs v3/agenda-brs/vendor/laravel/framework/src/Illuminate/Routing/Middleware/SubstituteBindings.php(52): Illuminate/Pipeline/Pipeline->{closure:{closure:Illuminate/Pipeline/Pipeline::carry():194}:195}(Object(Illuminate/Http/Request))
#13 C:/Users/raven/Downloads/laravel-brs-agenda-penomoran/agenda brs v3/agenda-brs/vendor/laravel/framework/src/Illuminate/Pipeline/Pipeline.php(219): Illuminate/Routing/Middleware/SubstituteBindings->handle(Object(Illuminate/Http/Request), Object(Closure))
#14 C:/Users/raven/Downloads/laravel-brs-agenda-penomoran/agenda brs v3/agenda-brs/vendor/laravel/framework/src/Illuminate/Foundation/Http/Middleware/PreventRequestForgery.php(104): Illuminate/Pipeline/Pipeline->{closure:{closure:Illuminate/Pipeline/Pipeline::carry():194}:195}(Object(Illuminate/Http/Request))
#15 C:/Users/raven/Downloads/laravel-brs-agenda-penomoran/agenda brs v3/agenda-brs/vendor/laravel/framework/src/Illuminate/Pipeline/Pipeline.php(219): Illuminate/Foundation/Http/Middleware/PreventRequestForgery->handle(Object(Illuminate/Http/Request), Object(Closure))
#16 C:/Users/raven/Downloads/laravel-brs-agenda-penomoran/agenda brs v3/agenda-brs/vendor/laravel/framework/src/Illuminate/View/Middleware/ShareErrorsFromSession.php(48): Illuminate/Pipeline/Pipeline->{closure:{closure:Illuminate/Pipeline/Pipeline::carry():194}:195}(Object(Illuminate/Http/Request))
#17 C:/Users/raven/Downloads/laravel-brs-agenda-penomoran/agenda brs v3/agenda-brs/vendor/laravel/framework/src/Illuminate/Pipeline/Pipeline.php(219): Illuminate/View/Middleware/ShareErrorsFromSession->handle(Object(Illuminate/Http/Request), Object(Closure))
#18 C:/Users/raven/Downloads/laravel-brs-agenda-penomoran/agenda brs v3/agenda-brs/vendor/laravel/framework/src/Illuminate/Session/Middleware/StartSession.php(120): Illuminate/Pipeline/Pipeline->{closure:{closure:Illuminate/Pipeline/Pipeline::carry():194}:195}(Object(Illuminate/Http/Request))
#19 C:/Users/raven/Downloads/laravel-brs-agenda-penomoran/agenda brs v3/agenda-brs/vendor/laravel/framework/src/Illuminate/Session/Middleware/StartSession.php(63): Illuminate/Session/Middleware/StartSession->handleStatefulRequest(Object(Illuminate/Http/Request), Object(Illuminate/Session/Store), Object(Closure))
#20 C:/Users/raven/Downloads/laravel-brs-agenda-penomoran/agenda brs v3/agenda-brs/vendor/laravel/framework/src/Illuminate/Pipeline/Pipeline.php(219): Illuminate/Session/Middleware/StartSession->handle(Object(Illuminate/Http/Request), Object(Closure))
#21 C:/Users/raven/Downloads/laravel-brs-agenda-penomoran/agenda brs v3/agenda-brs/vendor/laravel/framework/src/Illuminate/Cookie/Middleware/AddQueuedCookiesToResponse.php(36): Illuminate/Pipeline/Pipeline->{closure:{closure:Illuminate/Pipeline/Pipeline::carry():194}:195}(Object(Illuminate/Http/Request))
#22 C:/Users/raven/Downloads/laravel-brs-agenda-penomoran/agenda brs v3/agenda-brs/vendor/laravel/framework/src/Illuminate/Pipeline/Pipeline.php(219): Illuminate/Cookie/Middleware/AddQueuedCookiesToResponse->handle(Object(Illuminate/Http/Request), Object(Closure))
#23 C:/Users/raven/Downloads/laravel-brs-agenda-penomoran/agenda brs v3/agenda-brs/vendor/laravel/framework/src/Illuminate/Cookie/Middleware/EncryptCookies.php(74): Illuminate/Pipeline/Pipeline->{closure:{closure:Illuminate/Pipeline/Pipeline::carry():194}:195}(Object(Illuminate/Http/Request))
#24 C:/Users/raven/Downloads/laravel-brs-agenda-penomoran/agenda brs v3/agenda-brs/vendor/laravel/framework/src/Illuminate/Pipeline/Pipeline.php(219): Illuminate/Cookie/Middleware/EncryptCookies->handle(Object(Illuminate/Http/Request), Object(Closure))
#25 C:/Users/raven/Downloads/laravel-brs-agenda-penomoran/agenda brs v3/agenda-brs/vendor/laravel/framework/src/Illuminate/Pipeline/Pipeline.php(137): Illuminate/Pipeline/Pipeline->{closure:{closure:Illuminate/Pipeline/Pipeline::carry():194}:195}(Object(Illuminate/Http/Request))
#26 C:/Users/raven/Downloads/laravel-brs-agenda-penomoran/agenda brs v3/agenda-brs/vendor/laravel/framework/src/Illuminate/Routing/Router.php(821): Illuminate/Pipeline/Pipeline->then(Object(Closure))
#27 C:/Users/raven/Downloads/laravel-brs-agenda-penomoran/agenda brs v3/agenda-brs/vendor/laravel/framework/src/Illuminate/Routing/Router.php(800): Illuminate/Routing/Router->runRouteWithinStack(Object(Illuminate/Routing/Route), Object(Illuminate/Http/Request))
#28 C:/Users/raven/Downloads/laravel-brs-agenda-penomoran/agenda brs v3/agenda-brs/vendor/laravel/framework/src/Illuminate/Routing/Router.php(764): Illuminate/Routing/Router->runRoute(Object(Illuminate/Http/Request), Object(Illuminate/Routing/Route))
#29 C:/Users/raven/Downloads/laravel-brs-agenda-penomoran/agenda brs v3/agenda-brs/vendor/laravel/framework/src/Illuminate/Routing/Router.php(753): Illuminate/Routing/Router->dispatchToRoute(Object(Illuminate/Http/Request))
#30 C:/Users/raven/Downloads/laravel-brs-agenda-penomoran/agenda brs v3/agenda-brs/vendor/laravel/framework/src/Illuminate/Foundation/Http/Kernel.php(200): Illuminate/Routing/Router->dispatch(Object(Illuminate/Http/Request))
#31 C:/Users/raven/Downloads/laravel-brs-agenda-penomoran/agenda brs v3/agenda-brs/vendor/laravel/framework/src/Illuminate/Pipeline/Pipeline.php(180): Illuminate/Foundation/Http/Kernel->{closure:Illuminate/Foundation/Http/Kernel::dispatchToRouter():197}(Object(Illuminate/Http/Request))
#32 C:/Users/raven/Downloads/laravel-brs-agenda-penomoran/agenda brs v3/agenda-brs/vendor/laravel/framework/src/Illuminate/Foundation/Http/Middleware/TransformsRequest.php(21): Illuminate/Pipeline/Pipeline->{closure:Illuminate/Pipeline/Pipeline::prepareDestination():178}(Object(Illuminate/Http/Request))
#33 C:/Users/raven/Downloads/laravel-brs-agenda-penomoran/agenda brs v3/agenda-brs/vendor/laravel/framework/src/Illuminate/Foundation/Http/Middleware/ConvertEmptyStringsToNull.php(31): Illuminate/Foundation/Http/Middleware/TransformsRequest->handle(Object(Illuminate/Http/Request), Object(Closure))
#34 C:/Users/raven/Downloads/laravel-brs-agenda-penomoran/agenda brs v3/agenda-brs/vendor/laravel/framework/src/Illuminate/Pipeline/Pipeline.php(219): Illuminate/Foundation/Http/Middleware/ConvertEmptyStringsToNull->handle(Object(Illuminate/Http/Request), Object(Closure))
#35 C:/Users/raven/Downloads/laravel-brs-agenda-penomoran/agenda brs v3/agenda-brs/vendor/laravel/framework/src/Illuminate/Foundation/Http/Middleware/TransformsRequest.php(21): Illuminate/Pipeline/Pipeline->{closure:{closure:Illuminate/Pipeline/Pipeline::carry():194}:195}(Object(Illuminate/Http/Request))
#36 C:/Users/raven/Downloads/laravel-brs-agenda-penomoran/agenda brs v3/agenda-brs/vendor/laravel/framework/src/Illuminate/Foundation/Http/Middleware/TrimStrings.php(51): Illuminate/Foundation/Http/Middleware/TransformsRequest->handle(Object(Illuminate/Http/Request), Object(Closure))
#37 C:/Users/raven/Downloads/laravel-brs-agenda-penomoran/agenda brs v3/agenda-brs/vendor/laravel/framework/src/Illuminate/Pipeline/Pipeline.php(219): Illuminate/Foundation/Http/Middleware/TrimStrings->handle(Object(Illuminate/Http/Request), Object(Closure))
#38 C:/Users/raven/Downloads/laravel-brs-agenda-penomoran/agenda brs v3/agenda-brs/vendor/laravel/framework/src/Illuminate/Http/Middleware/ValidatePostSize.php(27): Illuminate/Pipeline/Pipeline->{closure:{closure:Illuminate/Pipeline/Pipeline::carry():194}:195}(Object(Illuminate/Http/Request))
#39 C:/Users/raven/Downloads/laravel-brs-agenda-penomoran/agenda brs v3/agenda-brs/vendor/laravel/framework/src/Illuminate/Pipeline/Pipeline.php(219): Illuminate/Http/Middleware/ValidatePostSize->handle(Object(Illuminate/Http/Request), Object(Closure))
#40 C:/Users/raven/Downloads/laravel-brs-agenda-penomoran/agenda brs v3/agenda-brs/vendor/laravel/framework/src/Illuminate/Foundation/Http/Middleware/PreventRequestsDuringMaintenance.php(110): Illuminate/Pipeline/Pipeline->{closure:{closure:Illuminate/Pipeline/Pipeline::carry():194}:195}(Object(Illuminate/Http/Request))
#41 C:/Users/raven/Downloads/laravel-brs-agenda-penomoran/agenda brs v3/agenda-brs/vendor/laravel/framework/src/Illuminate/Pipeline/Pipeline.php(219): Illuminate/Foundation/Http/Middleware/PreventRequestsDuringMaintenance->handle(Object(Illuminate/Http/Request), Object(Closure))
#42 C:/Users/raven/Downloads/laravel-brs-agenda-penomoran/agenda brs v3/agenda-brs/vendor/laravel/framework/src/Illuminate/Http/Middleware/HandleCors.php(61): Illuminate/Pipeline/Pipeline->{closure:{closure:Illuminate/Pipeline/Pipeline::carry():194}:195}(Object(Illuminate/Http/Request))
#43 C:/Users/raven/Downloads/laravel-brs-agenda-penomoran/agenda brs v3/agenda-brs/vendor/laravel/framework/src/Illuminate/Pipeline/Pipeline.php(219): Illuminate/Http/Middleware/HandleCors->handle(Object(Illuminate/Http/Request), Object(Closure))
#44 C:/Users/raven/Downloads/laravel-brs-agenda-penomoran/agenda brs v3/agenda-brs/vendor/laravel/framework/src/Illuminate/Http/Middleware/TrustProxies.php(58): Illuminate/Pipeline/Pipeline->{closure:{closure:Illuminate/Pipeline/Pipeline::carry():194}:195}(Object(Illuminate/Http/Request))
#45 C:/Users/raven/Downloads/laravel-brs-agenda-penomoran/agenda brs v3/agenda-brs/vendor/laravel/framework/src/Illuminate/Pipeline/Pipeline.php(219): Illuminate/Http/Middleware/TrustProxies->handle(Object(Illuminate/Http/Request), Object(Closure))
#46 C:/Users/raven/Downloads/laravel-brs-agenda-penomoran/agenda brs v3/agenda-brs/vendor/laravel/framework/src/Illuminate/Foundation/Http/Middleware/InvokeDeferredCallbacks.php(22): Illuminate/Pipeline/Pipeline->{closure:{closure:Illuminate/Pipeline/Pipeline::carry():194}:195}(Object(Illuminate/Http/Request))
#47 C:/Users/raven/Downloads/laravel-brs-agenda-penomoran/agenda brs v3/agenda-brs/vendor/laravel/framework/src/Illuminate/Pipeline/Pipeline.php(219): Illuminate/Foundation/Http/Middleware/InvokeDeferredCallbacks->handle(Object(Illuminate/Http/Request), Object(Closure))
#48 C:/Users/raven/Downloads/laravel-brs-agenda-penomoran/agenda brs v3/agenda-brs/vendor/laravel/framework/src/Illuminate/Http/Middleware/ValidatePathEncoding.php(28): Illuminate/Pipeline/Pipeline->{closure:{closure:Illuminate/Pipeline/Pipeline::carry():194}:195}(Object(Illuminate/Http/Request))
#49 C:/Users/raven/Downloads/laravel-brs-agenda-penomoran/agenda brs v3/agenda-brs/vendor/laravel/framework/src/Illuminate/Pipeline/Pipeline.php(219): Illuminate/Http/Middleware/ValidatePathEncoding->handle(Object(Illuminate/Http/Request), Object(Closure))
#50 C:/Users/raven/Downloads/laravel-brs-agenda-penomoran/agenda brs v3/agenda-brs/vendor/laravel/framework/src/Illuminate/Pipeline/Pipeline.php(137): Illuminate/Pipeline/Pipeline->{closure:{closure:Illuminate/Pipeline/Pipeline::carry():194}:195}(Object(Illuminate/Http/Request))
#51 C:/Users/raven/Downloads/laravel-brs-agenda-penomoran/agenda brs v3/agenda-brs/vendor/laravel/framework/src/Illuminate/Foundation/Http/Kernel.php(175): Illuminate/Pipeline/Pipeline->then(Object(Closure))
#52 C:/Users/raven/Downloads/laravel-brs-agenda-penomoran/agenda brs v3/agenda-brs/vendor/laravel/framework/src/Illuminate/Foundation/Http/Kernel.php(144): Illuminate/Foundation/Http/Kernel->sendRequestThroughRouter(Object(Illuminate/Http/Request))
#53 C:/Users/raven/Downloads/laravel-brs-agenda-penomoran/agenda brs v3/agenda-brs/vendor/laravel/framework/src/Illuminate/Foundation/Application.php(1227): Illuminate/Foundation/Http/Kernel->handle(Object(Illuminate/Http/Request))
#54 C:/Users/raven/Downloads/laravel-brs-agenda-penomoran/agenda brs v3/agenda-brs/public/index.php(20): Illuminate/Foundation/Application->handleRequest(Object(Illuminate/Http/Request))
#55 C:/Users/raven/Downloads/laravel-brs-agenda-penomoran/agenda brs v3/agenda-brs/vendor/laravel/framework/src/Illuminate/Foundation/resources/server.php(23): require_once('C://Users//raven//...')
#56 {main}
"} 
[2026-08-29 09:27:39] local.ERROR: Target class [App\Http\Controllers\AuthController] does not exist. {"exception":"[object] (Illuminate\\Contracts\\Container\\BindingResolutionException(code: 0): Target class [App\\Http\\Controllers\\AuthController] does not exist. at C:/Users/raven/Downloads/laravel-brs-agenda-penomoran/agenda brs v3/agenda-brs/vendor/laravel/framework/src/Illuminate/Container/Container.php:1149)
[stacktrace]
#0 C:/Users/raven/Downloads/laravel-brs-agenda-penomoran/agenda brs v3/agenda-brs/vendor/laravel/framework/src/Illuminate/Container/Container.php(939): Illuminate/Container/Container->build('App//Http//Contro...')
#1 C:/Users/raven/Downloads/laravel-brs-agenda-penomoran/agenda brs v3/agenda-brs/vendor/laravel/framework/src/Illuminate/Foundation/Application.php(1085): Illuminate/Container/Container->resolve('App//Http//Contro...', Array, true)
#2 C:/Users/raven/Downloads/laravel-brs-agenda-penomoran/agenda brs v3/agenda-brs/vendor/laravel/framework/src/Illuminate/Container/Container.php(867): Illuminate/Foundation/Application->resolve('App//Http//Contro...', Array)
#3 C:/Users/raven/Downloads/laravel-brs-agenda-penomoran/agenda brs v3/agenda-brs/vendor/laravel/framework/src/Illuminate/Foundation/Application.php(1065): Illuminate/Container/Container->make('App//Http//Contro...', Array)
#4 C:/Users/raven/Downloads/laravel-brs-agenda-penomoran/agenda brs v3/agenda-brs/vendor/laravel/framework/src/Illuminate/Routing/Route.php(297): Illuminate/Foundation/Application->make('App//Http//Contro...')
#5 C:/Users/raven/Downloads/laravel-brs-agenda-penomoran/agenda brs v3/agenda-brs/vendor/laravel/framework/src/Illuminate/Routing/Route.php(277): Illuminate/Routing/Route->getController()
#6 C:/Users/raven/Downloads/laravel-brs-agenda-penomoran/agenda brs v3/agenda-brs/vendor/laravel/framework/src/Illuminate/Routing/Route.php(216): Illuminate/Routing/Route->runController()
#7 C:/Users/raven/Downloads/laravel-brs-agenda-penomoran/agenda brs v3/agenda-brs/vendor/laravel/framework/src/Illuminate/Routing/Router.php(822): Illuminate/Routing/Route->run()
#8 C:/Users/raven/Downloads/laravel-brs-agenda-penomoran/agenda brs v3/agenda-brs/vendor/laravel/framework/src/Illuminate/Pipeline/Pipeline.php(180): Illuminate/Routing/Router->{closure:Illuminate/Routing/Router::runRouteWithinStack():821}(Object(Illuminate/Http/Request))
#9 C:/Users/raven/Downloads/laravel-brs-agenda-penomoran/agenda brs v3/agenda-brs/vendor/laravel/framework/src/Illuminate/Auth/Middleware/RedirectIfAuthenticated.php(47): Illuminate/Pipeline/Pipeline->{closure:Illuminate/Pipeline/Pipeline::prepareDestination():178}(Object(Illuminate/Http/Request))
#10 C:/Users/raven/Downloads/laravel-brs-agenda-penomoran/agenda brs v3/agenda-brs/vendor/laravel/framework/src/Illuminate/Pipeline/Pipeline.php(219): Illuminate/Auth/Middleware/RedirectIfAuthenticated->handle(Object(Illuminate/Http/Request), Object(Closure))
#11 C:/Users/raven/Downloads/laravel-brs-agenda-penomoran/agenda brs v3/agenda-brs/vendor/laravel/framework/src/Illuminate/Routing/Middleware/SubstituteBindings.php(52): Illuminate/Pipeline/Pipeline->{closure:{closure:Illuminate/Pipeline/Pipeline::carry():194}:195}(Object(Illuminate/Http/Request))
#12 C:/Users/raven/Downloads/laravel-brs-agenda-penomoran/agenda brs v3/agenda-brs/vendor/laravel/framework/src/Illuminate/Pipeline/Pipeline.php(219): Illuminate/Routing/Middleware/SubstituteBindings->handle(Object(Illuminate/Http/Request), Object(Closure))
#13 C:/Users/raven/Downloads/laravel-brs-agenda-penomoran/agenda brs v3/agenda-brs/vendor/laravel/framework/src/Illuminate/Foundation/Http/Middleware/PreventRequestForgery.php(104): Illuminate/Pipeline/Pipeline->{closure:{closure:Illuminate/Pipeline/Pipeline::carry():194}:195}(Object(Illuminate/Http/Request))
#14 C:/Users/raven/Downloads/laravel-brs-agenda-penomoran/agenda brs v3/agenda-brs/vendor/laravel/framework/src/Illuminate/Pipeline/Pipeline.php(219): Illuminate/Foundation/Http/Middleware/PreventRequestForgery->handle(Object(Illuminate/Http/Request), Object(Closure))
#15 C:/Users/raven/Downloads/laravel-brs-agenda-penomoran/agenda brs v3/agenda-brs/vendor/laravel/framework/src/Illuminate/View/Middleware/ShareErrorsFromSession.php(48): Illuminate/Pipeline/Pipeline->{closure:{closure:Illuminate/Pipeline/Pipeline::carry():194}:195}(Object(Illuminate/Http/Request))
#16 C:/Users/raven/Downloads/laravel-brs-agenda-penomoran/agenda brs v3/agenda-brs/vendor/laravel/framework/src/Illuminate/Pipeline/Pipeline.php(219): Illuminate/View/Middleware/ShareErrorsFromSession->handle(Object(Illuminate/Http/Request), Object(Closure))
#17 C:/Users/raven/Downloads/laravel-brs-agenda-penomoran/agenda brs v3/agenda-brs/vendor/laravel/framework/src/Illuminate/Session/Middleware/StartSession.php(120): Illuminate/Pipeline/Pipeline->{closure:{closure:Illuminate/Pipeline/Pipeline::carry():194}:195}(Object(Illuminate/Http/Request))
#18 C:/Users/raven/Downloads/laravel-brs-agenda-penomoran/agenda brs v3/agenda-brs/vendor/laravel/framework/src/Illuminate/Session/Middleware/StartSession.php(63): Illuminate/Session/Middleware/StartSession->handleStatefulRequest(Object(Illuminate/Http/Request), Object(Illuminate/Session/Store), Object(Closure))
#19 C:/Users/raven/Downloads/laravel-brs-agenda-penomoran/agenda brs v3/agenda-brs/vendor/laravel/framework/src/Illuminate/Pipeline/Pipeline.php(219): Illuminate/Session/Middleware/StartSession->handle(Object(Illuminate/Http/Request), Object(Closure))
#20 C:/Users/raven/Downloads/laravel-brs-agenda-penomoran/agenda brs v3/agenda-brs/vendor/laravel/framework/src/Illuminate/Cookie/Middleware/AddQueuedCookiesToResponse.php(36): Illuminate/Pipeline/Pipeline->{closure:{closure:Illuminate/Pipeline/Pipeline::carry():194}:195}(Object(Illuminate/Http/Request))
#21 C:/Users/raven/Downloads/laravel-brs-agenda-penomoran/agenda brs v3/agenda-brs/vendor/laravel/framework/src/Illuminate/Pipeline/Pipeline.php(219): Illuminate/Cookie/Middleware/AddQueuedCookiesToResponse->handle(Object(Illuminate/Http/Request), Object(Closure))
#22 C:/Users/raven/Downloads/laravel-brs-agenda-penomoran/agenda brs v3/agenda-brs/vendor/laravel/framework/src/Illuminate/Cookie/Middleware/EncryptCookies.php(74): Illuminate/Pipeline/Pipeline->{closure:{closure:Illuminate/Pipeline/Pipeline::carry():194}:195}(Object(Illuminate/Http/Request))
#23 C:/Users/raven/Downloads/laravel-brs-agenda-penomoran/agenda brs v3/agenda-brs/vendor/laravel/framework/src/Illuminate/Pipeline/Pipeline.php(219): Illuminate/Cookie/Middleware/EncryptCookies->handle(Object(Illuminate/Http/Request), Object(Closure))
#24 C:/Users/raven/Downloads/laravel-brs-agenda-penomoran/agenda brs v3/agenda-brs/vendor/laravel/framework/src/Illuminate/Pipeline/Pipeline.php(137): Illuminate/Pipeline/Pipeline->{closure:{closure:Illuminate/Pipeline/Pipeline::carry():194}:195}(Object(Illuminate/Http/Request))
#25 C:/Users/raven/Downloads/laravel-brs-agenda-penomoran/agenda brs v3/agenda-brs/vendor/laravel/framework/src/Illuminate/Routing/Router.php(821): Illuminate/Pipeline/Pipeline->then(Object(Closure))
#26 C:/Users/raven/Downloads/laravel-brs-agenda-penomoran/agenda brs v3/agenda-brs/vendor/laravel/framework/src/Illuminate/Routing/Router.php(800): Illuminate/Routing/Router->runRouteWithinStack(Object(Illuminate/Routing/Route), Object(Illuminate/Http/Request))
#27 C:/Users/raven/Downloads/laravel-brs-agenda-penomoran/agenda brs v3/agenda-brs/vendor/laravel/framework/src/Illuminate/Routing/Router.php(764): Illuminate/Routing/Router->runRoute(Object(Illuminate/Http/Request), Object(Illuminate/Routing/Route))
#28 C:/Users/raven/Downloads/laravel-brs-agenda-penomoran/agenda brs v3/agenda-brs/vendor/laravel/framework/src/Illuminate/Routing/Router.php(753): Illuminate/Routing/Router->dispatchToRoute(Object(Illuminate/Http/Request))
#29 C:/Users/raven/Downloads/laravel-brs-agenda-penomoran/agenda brs v3/agenda-brs/vendor/laravel/framework/src/Illuminate/Foundation/Http/Kernel.php(200): Illuminate/Routing/Router->dispatch(Object(Illuminate/Http/Request))
#30 C:/Users/raven/Downloads/laravel-brs-agenda-penomoran/agenda brs v3/agenda-brs/vendor/laravel/framework/src/Illuminate/Pipeline/Pipeline.php(180): Illuminate/Foundation/Http/Kernel->{closure:Illuminate/Foundation/Http/Kernel::dispatchToRouter():197}(Object(Illuminate/Http/Request))
#31 C:/Users/raven/Downloads/laravel-brs-agenda-penomoran/agenda brs v3/agenda-brs/vendor/laravel/framework/src/Illuminate/Foundation/Http/Middleware/TransformsRequest.php(21): Illuminate/Pipeline/Pipeline->{closure:Illuminate/Pipeline/Pipeline::prepareDestination():178}(Object(Illuminate/Http/Request))
#32 C:/Users/raven/Downloads/laravel-brs-agenda-penomoran/agenda brs v3/agenda-brs/vendor/laravel/framework/src/Illuminate/Foundation/Http/Middleware/ConvertEmptyStringsToNull.php(31): Illuminate/Foundation/Http/Middleware/TransformsRequest->handle(Object(Illuminate/Http/Request), Object(Closure))
#33 C:/Users/raven/Downloads/laravel-brs-agenda-penomoran/agenda brs v3/agenda-brs/vendor/laravel/framework/src/Illuminate/Pipeline/Pipeline.php(219): Illuminate/Foundation/Http/Middleware/ConvertEmptyStringsToNull->handle(Object(Illuminate/Http/Request), Object(Closure))
#34 C:/Users/raven/Downloads/laravel-brs-agenda-penomoran/agenda brs v3/agenda-brs/vendor/laravel/framework/src/Illuminate/Foundation/Http/Middleware/TransformsRequest.php(21): Illuminate/Pipeline/Pipeline->{closure:{closure:Illuminate/Pipeline/Pipeline::carry():194}:195}(Object(Illuminate/Http/Request))
#35 C:/Users/raven/Downloads/laravel-brs-agenda-penomoran/agenda brs v3/agenda-brs/vendor/laravel/framework/src/Illuminate/Foundation/Http/Middleware/TrimStrings.php(51): Illuminate/Foundation/Http/Middleware/TransformsRequest->handle(Object(Illuminate/Http/Request), Object(Closure))
#36 C:/Users/raven/Downloads/laravel-brs-agenda-penomoran/agenda brs v3/agenda-brs/vendor/laravel/framework/src/Illuminate/Pipeline/Pipeline.php(219): Illuminate/Foundation/Http/Middleware/TrimStrings->handle(Object(Illuminate/Http/Request), Object(Closure))
#37 C:/Users/raven/Downloads/laravel-brs-agenda-penomoran/agenda brs v3/agenda-brs/vendor/laravel/framework/src/Illuminate/Http/Middleware/ValidatePostSize.php(27): Illuminate/Pipeline/Pipeline->{closure:{closure:Illuminate/Pipeline/Pipeline::carry():194}:195}(Object(Illuminate/Http/Request))
#38 C:/Users/raven/Downloads/laravel-brs-agenda-penomoran/agenda brs v3/agenda-brs/vendor/laravel/framework/src/Illuminate/Pipeline/Pipeline.php(219): Illuminate/Http/Middleware/ValidatePostSize->handle(Object(Illuminate/Http/Request), Object(Closure))
#39 C:/Users/raven/Downloads/laravel-brs-agenda-penomoran/agenda brs v3/agenda-brs/vendor/laravel/framework/src/Illuminate/Foundation/Http/Middleware/PreventRequestsDuringMaintenance.php(110): Illuminate/Pipeline/Pipeline->{closure:{closure:Illuminate/Pipeline/Pipeline::carry():194}:195}(Object(Illuminate/Http/Request))
#40 C:/Users/raven/Downloads/laravel-brs-agenda-penomoran/agenda brs v3/agenda-brs/vendor/laravel/framework/src/Illuminate/Pipeline/Pipeline.php(219): Illuminate/Foundation/Http/Middleware/PreventRequestsDuringMaintenance->handle(Object(Illuminate/Http/Request), Object(Closure))
#41 C:/Users/raven/Downloads/laravel-brs-agenda-penomoran/agenda brs v3/agenda-brs/vendor/laravel/framework/src/Illuminate/Http/Middleware/HandleCors.php(61): Illuminate/Pipeline/Pipeline->{closure:{closure:Illuminate/Pipeline/Pipeline::carry():194}:195}(Object(Illuminate/Http/Request))
#42 C:/Users/raven/Downloads/laravel-brs-agenda-penomoran/agenda brs v3/agenda-brs/vendor/laravel/framework/src/Illuminate/Pipeline/Pipeline.php(219): Illuminate/Http/Middleware/HandleCors->handle(Object(Illuminate/Http/Request), Object(Closure))
#43 C:/Users/raven/Downloads/laravel-brs-agenda-penomoran/agenda brs v3/agenda-brs/vendor/laravel/framework/src/Illuminate/Http/Middleware/TrustProxies.php(58): Illuminate/Pipeline/Pipeline->{closure:{closure:Illuminate/Pipeline/Pipeline::carry():194}:195}(Object(Illuminate/Http/Request))
#44 C:/Users/raven/Downloads/laravel-brs-agenda-penomoran/agenda brs v3/agenda-brs/vendor/laravel/framework/src/Illuminate/Pipeline/Pipeline.php(219): Illuminate/Http/Middleware/TrustProxies->handle(Object(Illuminate/Http/Request), Object(Closure))
#45 C:/Users/raven/Downloads/laravel-brs-agenda-penomoran/agenda brs v3/agenda-brs/vendor/laravel/framework/src/Illuminate/Foundation/Http/Middleware/InvokeDeferredCallbacks.php(22): Illuminate/Pipeline/Pipeline->{closure:{closure:Illuminate/Pipeline/Pipeline::carry():194}:195}(Object(Illuminate/Http/Request))
#46 C:/Users/raven/Downloads/laravel-brs-agenda-penomoran/agenda brs v3/agenda-brs/vendor/laravel/framework/src/Illuminate/Pipeline/Pipeline.php(219): Illuminate/Foundation/Http/Middleware/InvokeDeferredCallbacks->handle(Object(Illuminate/Http/Request), Object(Closure))
#47 C:/Users/raven/Downloads/laravel-brs-agenda-penomoran/agenda brs v3/agenda-brs/vendor/laravel/framework/src/Illuminate/Http/Middleware/ValidatePathEncoding.php(28): Illuminate/Pipeline/Pipeline->{closure:{closure:Illuminate/Pipeline/Pipeline::carry():194}:195}(Object(Illuminate/Http/Request))
#48 C:/Users/raven/Downloads/laravel-brs-agenda-penomoran/agenda brs v3/agenda-brs/vendor/laravel/framework/src/Illuminate/Pipeline/Pipeline.php(219): Illuminate/Http/Middleware/ValidatePathEncoding->handle(Object(Illuminate/Http/Request), Object(Closure))
#49 C:/Users/raven/Downloads/laravel-brs-agenda-penomoran/agenda brs v3/agenda-brs/vendor/laravel/framework/src/Illuminate/Pipeline/Pipeline.php(137): Illuminate/Pipeline/Pipeline->{closure:{closure:Illuminate/Pipeline/Pipeline::carry():194}:195}(Object(Illuminate/Http/Request))
#50 C:/Users/raven/Downloads/laravel-brs-agenda-penomoran/agenda brs v3/agenda-brs/vendor/laravel/framework/src/Illuminate/Foundation/Http/Kernel.php(175): Illuminate/Pipeline/Pipeline->then(Object(Closure))
#51 C:/Users/raven/Downloads/laravel-brs-agenda-penomoran/agenda brs v3/agenda-brs/vendor/laravel/framework/src/Illuminate/Foundation/Http/Kernel.php(144): Illuminate/Foundation/Http/Kernel->sendRequestThroughRouter(Object(Illuminate/Http/Request))
#52 C:/Users/raven/Downloads/laravel-brs-agenda-penomoran/agenda brs v3/agenda-brs/vendor/laravel/framework/src/Illuminate/Foundation/Application.php(1227): Illuminate/Foundation/Http/Kernel->handle(Object(Illuminate/Http/Request))
#53 C:/Users/raven/Downloads/laravel-brs-agenda-penomoran/agenda brs v3/agenda-brs/public/index.php(20): Illuminate/Foundation/Application->handleRequest(Object(Illuminate/Http/Request))
#54 C:/Users/raven/Downloads/laravel-brs-agenda-penomoran/agenda brs v3/agenda-brs/vendor/laravel/framework/src/Illuminate/Foundation/resources/server.php(23): require_once('C://Users//raven//...')
#55 {main}

[previous exception] [object] (ReflectionException(code: -1): Class \"App\\Http\\Controllers\\AuthController\" does not exist at C:/Users/raven/Downloads/laravel-brs-agenda-penomoran/agenda brs v3/agenda-brs/vendor/laravel/framework/src/Illuminate/Container/Container.php:1147)
[stacktrace]
#0 C:/Users/raven/Downloads/laravel-brs-agenda-penomoran/agenda brs v3/agenda-brs/vendor/laravel/framework/src/Illuminate/Container/Container.php(1147): ReflectionClass->__construct('App//Http//Contro...')
#1 C:/Users/raven/Downloads/laravel-brs-agenda-penomoran/agenda brs v3/agenda-brs/vendor/laravel/framework/src/Illuminate/Container/Container.php(939): Illuminate/Container/Container->build('App//Http//Contro...')
#2 C:/Users/raven/Downloads/laravel-brs-agenda-penomoran/agenda brs v3/agenda-brs/vendor/laravel/framework/src/Illuminate/Foundation/Application.php(1085): Illuminate/Container/Container->resolve('App//Http//Contro...', Array, true)
#3 C:/Users/raven/Downloads/laravel-brs-agenda-penomoran/agenda brs v3/agenda-brs/vendor/laravel/framework/src/Illuminate/Container/Container.php(867): Illuminate/Foundation/Application->resolve('App//Http//Contro...', Array)
#4 C:/Users/raven/Downloads/laravel-brs-agenda-penomoran/agenda brs v3/agenda-brs/vendor/laravel/framework/src/Illuminate/Foundation/Application.php(1065): Illuminate/Container/Container->make('App//Http//Contro...', Array)
#5 C:/Users/raven/Downloads/laravel-brs-agenda-penomoran/agenda brs v3/agenda-brs/vendor/laravel/framework/src/Illuminate/Routing/Route.php(297): Illuminate/Foundation/Application->make('App//Http//Contro...')
#6 C:/Users/raven/Downloads/laravel-brs-agenda-penomoran/agenda brs v3/agenda-brs/vendor/laravel/framework/src/Illuminate/Routing/Route.php(277): Illuminate/Routing/Route->getController()
#7 C:/Users/raven/Downloads/laravel-brs-agenda-penomoran/agenda brs v3/agenda-brs/vendor/laravel/framework/src/Illuminate/Routing/Route.php(216): Illuminate/Routing/Route->runController()
#8 C:/Users/raven/Downloads/laravel-brs-agenda-penomoran/agenda brs v3/agenda-brs/vendor/laravel/framework/src/Illuminate/Routing/Router.php(822): Illuminate/Routing/Route->run()
#9 C:/Users/raven/Downloads/laravel-brs-agenda-penomoran/agenda brs v3/agenda-brs/vendor/laravel/framework/src/Illuminate/Pipeline/Pipeline.php(180): Illuminate/Routing/Router->{closure:Illuminate/Routing/Router::runRouteWithinStack():821}(Object(Illuminate/Http/Request))
#10 C:/Users/raven/Downloads/laravel-brs-agenda-penomoran/agenda brs v3/agenda-brs/vendor/laravel/framework/src/Illuminate/Auth/Middleware/RedirectIfAuthenticated.php(47): Illuminate/Pipeline/Pipeline->{closure:Illuminate/Pipeline/Pipeline::prepareDestination():178}(Object(Illuminate/Http/Request))
#11 C:/Users/raven/Downloads/laravel-brs-agenda-penomoran/agenda brs v3/agenda-brs/vendor/laravel/framework/src/Illuminate/Pipeline/Pipeline.php(219): Illuminate/Auth/Middleware/RedirectIfAuthenticated->handle(Object(Illuminate/Http/Request), Object(Closure))
#12 C:/Users/raven/Downloads/laravel-brs-agenda-penomoran/agenda brs v3/agenda-brs/vendor/laravel/framework/src/Illuminate/Routing/Middleware/SubstituteBindings.php(52): Illuminate/Pipeline/Pipeline->{closure:{closure:Illuminate/Pipeline/Pipeline::carry():194}:195}(Object(Illuminate/Http/Request))
#13 C:/Users/raven/Downloads/laravel-brs-agenda-penomoran/agenda brs v3/agenda-brs/vendor/laravel/framework/src/Illuminate/Pipeline/Pipeline.php(219): Illuminate/Routing/Middleware/SubstituteBindings->handle(Object(Illuminate/Http/Request), Object(Closure))
#14 C:/Users/raven/Downloads/laravel-brs-agenda-penomoran/agenda brs v3/agenda-brs/vendor/laravel/framework/src/Illuminate/Foundation/Http/Middleware/PreventRequestForgery.php(104): Illuminate/Pipeline/Pipeline->{closure:{closure:Illuminate/Pipeline/Pipeline::carry():194}:195}(Object(Illuminate/Http/Request))
#15 C:/Users/raven/Downloads/laravel-brs-agenda-penomoran/agenda brs v3/agenda-brs/vendor/laravel/framework/src/Illuminate/Pipeline/Pipeline.php(219): Illuminate/Foundation/Http/Middleware/PreventRequestForgery->handle(Object(Illuminate/Http/Request), Object(Closure))
#16 C:/Users/raven/Downloads/laravel-brs-agenda-penomoran/agenda brs v3/agenda-brs/vendor/laravel/framework/src/Illuminate/View/Middleware/ShareErrorsFromSession.php(48): Illuminate/Pipeline/Pipeline->{closure:{closure:Illuminate/Pipeline/Pipeline::carry():194}:195}(Object(Illuminate/Http/Request))
#17 C:/Users/raven/Downloads/laravel-brs-agenda-penomoran/agenda brs v3/agenda-brs/vendor/laravel/framework/src/Illuminate/Pipeline/Pipeline.php(219): Illuminate/View/Middleware/ShareErrorsFromSession->handle(Object(Illuminate/Http/Request), Object(Closure))
#18 C:/Users/raven/Downloads/laravel-brs-agenda-penomoran/agenda brs v3/agenda-brs/vendor/laravel/framework/src/Illuminate/Session/Middleware/StartSession.php(120): Illuminate/Pipeline/Pipeline->{closure:{closure:Illuminate/Pipeline/Pipeline::carry():194}:195}(Object(Illuminate/Http/Request))
#19 C:/Users/raven/Downloads/laravel-brs-agenda-penomoran/agenda brs v3/agenda-brs/vendor/laravel/framework/src/Illuminate/Session/Middleware/StartSession.php(63): Illuminate/Session/Middleware/StartSession->handleStatefulRequest(Object(Illuminate/Http/Request), Object(Illuminate/Session/Store), Object(Closure))
#20 C:/Users/raven/Downloads/laravel-brs-agenda-penomoran/agenda brs v3/agenda-brs/vendor/laravel/framework/src/Illuminate/Pipeline/Pipeline.php(219): Illuminate/Session/Middleware/StartSession->handle(Object(Illuminate/Http/Request), Object(Closure))
#21 C:/Users/raven/Downloads/laravel-brs-agenda-penomoran/agenda brs v3/agenda-brs/vendor/laravel/framework/src/Illuminate/Cookie/Middleware/AddQueuedCookiesToResponse.php(36): Illuminate/Pipeline/Pipeline->{closure:{closure:Illuminate/Pipeline/Pipeline::carry():194}:195}(Object(Illuminate/Http/Request))
#22 C:/Users/raven/Downloads/laravel-brs-agenda-penomoran/agenda brs v3/agenda-brs/vendor/laravel/framework/src/Illuminate/Pipeline/Pipeline.php(219): Illuminate/Cookie/Middleware/AddQueuedCookiesToResponse->handle(Object(Illuminate/Http/Request), Object(Closure))
#23 C:/Users/raven/Downloads/laravel-brs-agenda-penomoran/agenda brs v3/agenda-brs/vendor/laravel/framework/src/Illuminate/Cookie/Middleware/EncryptCookies.php(74): Illuminate/Pipeline/Pipeline->{closure:{closure:Illuminate/Pipeline/Pipeline::carry():194}:195}(Object(Illuminate/Http/Request))
#24 C:/Users/raven/Downloads/laravel-brs-agenda-penomoran/agenda brs v3/agenda-brs/vendor/laravel/framework/src/Illuminate/Pipeline/Pipeline.php(219): Illuminate/Cookie/Middleware/EncryptCookies->handle(Object(Illuminate/Http/Request), Object(Closure))
#25 C:/Users/raven/Downloads/laravel-brs-agenda-penomoran/agenda brs v3/agenda-brs/vendor/laravel/framework/src/Illuminate/Pipeline/Pipeline.php(137): Illuminate/Pipeline/Pipeline->{closure:{closure:Illuminate/Pipeline/Pipeline::carry():194}:195}(Object(Illuminate/Http/Request))
#26 C:/Users/raven/Downloads/laravel-brs-agenda-penomoran/agenda brs v3/agenda-brs/vendor/laravel/framework/src/Illuminate/Routing/Router.php(821): Illuminate/Pipeline/Pipeline->then(Object(Closure))
#27 C:/Users/raven/Downloads/laravel-brs-agenda-penomoran/agenda brs v3/agenda-brs/vendor/laravel/framework/src/Illuminate/Routing/Router.php(800): Illuminate/Routing/Router->runRouteWithinStack(Object(Illuminate/Routing/Route), Object(Illuminate/Http/Request))
#28 C:/Users/raven/Downloads/laravel-brs-agenda-penomoran/agenda brs v3/agenda-brs/vendor/laravel/framework/src/Illuminate/Routing/Router.php(764): Illuminate/Routing/Router->runRoute(Object(Illuminate/Http/Request), Object(Illuminate/Routing/Route))
#29 C:/Users/raven/Downloads/laravel-brs-agenda-penomoran/agenda brs v3/agenda-brs/vendor/laravel/framework/src/Illuminate/Routing/Router.php(753): Illuminate/Routing/Router->dispatchToRoute(Object(Illuminate/Http/Request))
#30 C:/Users/raven/Downloads/laravel-brs-agenda-penomoran/agenda brs v3/agenda-brs/vendor/laravel/framework/src/Illuminate/Foundation/Http/Kernel.php(200): Illuminate/Routing/Router->dispatch(Object(Illuminate/Http/Request))
#31 C:/Users/raven/Downloads/laravel-brs-agenda-penomoran/agenda brs v3/agenda-brs/vendor/laravel/framework/src/Illuminate/Pipeline/Pipeline.php(180): Illuminate/Foundation/Http/Kernel->{closure:Illuminate/Foundation/Http/Kernel::dispatchToRouter():197}(Object(Illuminate/Http/Request))
#32 C:/Users/raven/Downloads/laravel-brs-agenda-penomoran/agenda brs v3/agenda-brs/vendor/laravel/framework/src/Illuminate/Foundation/Http/Middleware/TransformsRequest.php(21): Illuminate/Pipeline/Pipeline->{closure:Illuminate/Pipeline/Pipeline::prepareDestination():178}(Object(Illuminate/Http/Request))
#33 C:/Users/raven/Downloads/laravel-brs-agenda-penomoran/agenda brs v3/agenda-brs/vendor/laravel/framework/src/Illuminate/Foundation/Http/Middleware/ConvertEmptyStringsToNull.php(31): Illuminate/Foundation/Http/Middleware/TransformsRequest->handle(Object(Illuminate/Http/Request), Object(Closure))
#34 C:/Users/raven/Downloads/laravel-brs-agenda-penomoran/agenda brs v3/agenda-brs/vendor/laravel/framework/src/Illuminate/Pipeline/Pipeline.php(219): Illuminate/Foundation/Http/Middleware/ConvertEmptyStringsToNull->handle(Object(Illuminate/Http/Request), Object(Closure))
#35 C:/Users/raven/Downloads/laravel-brs-agenda-penomoran/agenda brs v3/agenda-brs/vendor/laravel/framework/src/Illuminate/Foundation/Http/Middleware/TransformsRequest.php(21): Illuminate/Pipeline/Pipeline->{closure:{closure:Illuminate/Pipeline/Pipeline::carry():194}:195}(Object(Illuminate/Http/Request))
#36 C:/Users/raven/Downloads/laravel-brs-agenda-penomoran/agenda brs v3/agenda-brs/vendor/laravel/framework/src/Illuminate/Foundation/Http/Middleware/TrimStrings.php(51): Illuminate/Foundation/Http/Middleware/TransformsRequest->handle(Object(Illuminate/Http/Request), Object(Closure))
#37 C:/Users/raven/Downloads/laravel-brs-agenda-penomoran/agenda brs v3/agenda-brs/vendor/laravel/framework/src/Illuminate/Pipeline/Pipeline.php(219): Illuminate/Foundation/Http/Middleware/TrimStrings->handle(Object(Illuminate/Http/Request), Object(Closure))
#38 C:/Users/raven/Downloads/laravel-brs-agenda-penomoran/agenda brs v3/agenda-brs/vendor/laravel/framework/src/Illuminate/Http/Middleware/ValidatePostSize.php(27): Illuminate/Pipeline/Pipeline->{closure:{closure:Illuminate/Pipeline/Pipeline::carry():194}:195}(Object(Illuminate/Http/Request))
#39 C:/Users/raven/Downloads/laravel-brs-agenda-penomoran/agenda brs v3/agenda-brs/vendor/laravel/framework/src/Illuminate/Pipeline/Pipeline.php(219): Illuminate/Http/Middleware/ValidatePostSize->handle(Object(Illuminate/Http/Request), Object(Closure))
#40 C:/Users/raven/Downloads/laravel-brs-agenda-penomoran/agenda brs v3/agenda-brs/vendor/laravel/framework/src/Illuminate/Foundation/Http/Middleware/PreventRequestsDuringMaintenance.php(110): Illuminate/Pipeline/Pipeline->{closure:{closure:Illuminate/Pipeline/Pipeline::carry():194}:195}(Object(Illuminate/Http/Request))
#41 C:/Users/raven/Downloads/laravel-brs-agenda-penomoran/agenda brs v3/agenda-brs/vendor/laravel/framework/src/Illuminate/Pipeline/Pipeline.php(219): Illuminate/Foundation/Http/Middleware/PreventRequestsDuringMaintenance->handle(Object(Illuminate/Http/Request), Object(Closure))
#42 C:/Users/raven/Downloads/laravel-brs-agenda-penomoran/agenda brs v3/agenda-brs/vendor/laravel/framework/src/Illuminate/Http/Middleware/HandleCors.php(61): Illuminate/Pipeline/Pipeline->{closure:{closure:Illuminate/Pipeline/Pipeline::carry():194}:195}(Object(Illuminate/Http/Request))
#43 C:/Users/raven/Downloads/laravel-brs-agenda-penomoran/agenda brs v3/agenda-brs/vendor/laravel/framework/src/Illuminate/Pipeline/Pipeline.php(219): Illuminate/Http/Middleware/HandleCors->handle(Object(Illuminate/Http/Request), Object(Closure))
#44 C:/Users/raven/Downloads/laravel-brs-agenda-penomoran/agenda brs v3/agenda-brs/vendor/laravel/framework/src/Illuminate/Http/Middleware/TrustProxies.php(58): Illuminate/Pipeline/Pipeline->{closure:{closure:Illuminate/Pipeline/Pipeline::carry():194}:195}(Object(Illuminate/Http/Request))
#45 C:/Users/raven/Downloads/laravel-brs-agenda-penomoran/agenda brs v3/agenda-brs/vendor/laravel/framework/src/Illuminate/Pipeline/Pipeline.php(219): Illuminate/Http/Middleware/TrustProxies->handle(Object(Illuminate/Http/Request), Object(Closure))
#46 C:/Users/raven/Downloads/laravel-brs-agenda-penomoran/agenda brs v3/agenda-brs/vendor/laravel/framework/src/Illuminate/Foundation/Http/Middleware/InvokeDeferredCallbacks.php(22): Illuminate/Pipeline/Pipeline->{closure:{closure:Illuminate/Pipeline/Pipeline::carry():194}:195}(Object(Illuminate/Http/Request))
#47 C:/Users/raven/Downloads/laravel-brs-agenda-penomoran/agenda brs v3/agenda-brs/vendor/laravel/framework/src/Illuminate/Pipeline/Pipeline.php(219): Illuminate/Foundation/Http/Middleware/InvokeDeferredCallbacks->handle(Object(Illuminate/Http/Request), Object(Closure))
#48 C:/Users/raven/Downloads/laravel-brs-agenda-penomoran/agenda brs v3/agenda-brs/vendor/laravel/framework/src/Illuminate/Http/Middleware/ValidatePathEncoding.php(28): Illuminate/Pipeline/Pipeline->{closure:{closure:Illuminate/Pipeline/Pipeline::carry():194}:195}(Object(Illuminate/Http/Request))
#49 C:/Users/raven/Downloads/laravel-brs-agenda-penomoran/agenda brs v3/agenda-brs/vendor/laravel/framework/src/Illuminate/Pipeline/Pipeline.php(219): Illuminate/Http/Middleware/ValidatePathEncoding->handle(Object(Illuminate/Http/Request), Object(Closure))
#50 C:/Users/raven/Downloads/laravel-brs-agenda-penomoran/agenda brs v3/agenda-brs/vendor/laravel/framework/src/Illuminate/Pipeline/Pipeline.php(137): Illuminate/Pipeline/Pipeline->{closure:{closure:Illuminate/Pipeline/Pipeline::carry():194}:195}(Object(Illuminate/Http/Request))
#51 C:/Users/raven/Downloads/laravel-brs-agenda-penomoran/agenda brs v3/agenda-brs/vendor/laravel/framework/src/Illuminate/Foundation/Http/Kernel.php(175): Illuminate/Pipeline/Pipeline->then(Object(Closure))
#52 C:/Users/raven/Downloads/laravel-brs-agenda-penomoran/agenda brs v3/agenda-brs/vendor/laravel/framework/src/Illuminate/Foundation/Http/Kernel.php(144): Illuminate/Foundation/Http/Kernel->sendRequestThroughRouter(Object(Illuminate/Http/Request))
#53 C:/Users/raven/Downloads/laravel-brs-agenda-penomoran/agenda brs v3/agenda-brs/vendor/laravel/framework/src/Illuminate/Foundation/Application.php(1227): Illuminate/Foundation/Http/Kernel->handle(Object(Illuminate/Http/Request))
#54 C:/Users/raven/Downloads/laravel-brs-agenda-penomoran/agenda brs v3/agenda-brs/public/index.php(20): Illuminate/Foundation/Application->handleRequest(Object(Illuminate/Http/Request))
#55 C:/Users/raven/Downloads/laravel-brs-agenda-penomoran/agenda brs v3/agenda-brs/vendor/laravel/framework/src/Illuminate/Foundation/resources/server.php(23): require_once('C://Users//raven//...')
#56 {main}
"} 
